NOM_DEP,GEO,GEO_OBJECT,TERRTYPO,TOUR_MEASURE,TOUR_RESID,OBS_STATUS_FR,TIME_PERIOD,OBS_VALUE_CORR,YEAR
Cantal,15,DEP,_T,ARR,Étranger,D,2021-09,1350.0,2021
Seine-et-Marne,77,DEP,_T,ARR,Étranger,D,2021-09,82930.0,2021
Essonne,91,DEP,_T,ARR,Étranger,D,2021-09,9560.0,2021
Allier,03,DEP,_T,ARR,Étranger,D,2021-09,4880.0,2021
Landes,40,DEP,_T,ARR,Étranger,D,2021-09,5560.0,2021
Val-d'Oise,95,DEP,_T,ARR,Étranger,D,2021-09,24710.0,2021
Pyrénées-Atlantiques,64,DEP,_T,ARR,Étranger,D,2021-09,18530.0,2021
Alpes-de-Haute-Provence,04,DEP,_T,ARR,Étranger,D,2021-09,8510.0,2021
Morbihan,56,DEP,_T,ARR,Étranger,D,2021-09,9000.0,2021
Haute-Garonne,31,DEP,_T,ARR,Étranger,D,2021-09,20380.0,2021
Haute-Savoie,74,DEP,_T,ARR,Étranger,D,2021-09,44820.0,2021
Deux-Sèvres,79,DEP,_T,ARR,Étranger,D,2021-09,1980.0,2021
Finistère,29,DEP,_T,ARR,Étranger,D,2021-09,11940.0,2021
Rhône,69,DEP,_T,ARR,Étranger,D,2021-09,46420.0,2021
Aube,10,DEP,_T,ARR,Étranger,D,2021-09,11220.0,2021
Indre,36,DEP,_T,ARR,Étranger,D,2021-09,2500.0,2021
Loiret,45,DEP,_T,ARR,Étranger,D,2021-09,18300.0,2021
Mayenne,53,DEP,_T,ARR,Étranger,D,2021-09,1260.0,2021
Martinique,972,DEP,_T,ARR,Étranger,D,2021-09,560.0,2021
Eure,27,DEP,_T,ARR,Étranger,D,2021-09,3380.0,2021
Hérault,34,DEP,_T,ARR,Étranger,D,2021-09,26110.0,2021
Aisne,02,DEP,_T,ARR,Étranger,D,2021-09,4870.0,2021
Sarthe,72,DEP,_T,ARR,Étranger,D,2021-09,5960.0,2021
Nord,59,DEP,_T,ARR,Étranger,D,2021-09,25370.0,2021
Guadeloupe,971,DEP,_T,ARR,Étranger,D,2021-09,270.0,2021
Gironde,33,DEP,_T,ARR,Étranger,D,2021-09,49070.0,2021
Seine-Saint-Denis,93,DEP,_T,ARR,Étranger,D,2021-09,28750.0,2021
Hauts-de-Seine,92,DEP,_T,ARR,Étranger,D,2021-09,34350.0,2021
Pyrénées-Orientales,66,DEP,_T,ARR,Étranger,D,2021-09,12190.0,2021
Calvados,14,DEP,_T,ARR,Étranger,D,2021-09,34020.0,2021
Loire-Atlantique,44,DEP,_T,ARR,Étranger,D,2021-09,13320.0,2021
Bouches-du-Rhône,13,DEP,_T,ARR,Étranger,D,2021-09,56350.0,2021
Yvelines,78,DEP,_T,ARR,Étranger,D,2021-09,11110.0,2021
Charente,16,DEP,_T,ARR,Étranger,D,2021-09,3880.0,2021
Côte-d'Or,21,DEP,_T,ARR,Étranger,D,2021-09,62900.0,2021
Vienne,86,DEP,_T,ARR,Étranger,D,2021-09,7960.0,2021
Ardèche,07,DEP,_T,ARR,Étranger,D,2021-09,5620.0,2021
Eure-et-Loir,28,DEP,_T,ARR,Étranger,D,2021-09,7190.0,2021
Orne,61,DEP,_T,ARR,Étranger,D,2021-09,2430.0,2021
Corse-du-Sud,2A,DEP,_T,ARR,Étranger,D,2021-09,17050.0,2021
Meurthe-et-Moselle,54,DEP,_T,ARR,Étranger,D,2021-09,14620.0,2021
Drôme,26,DEP,_T,ARR,Étranger,D,2021-09,20370.0,2021
Guyane,973,DEP,_T,ARR,Étranger,D,2021-09,950.0,2021
Savoie,73,DEP,_T,ARR,Étranger,D,2021-09,10690.0,2021
Ardennes,08,DEP,_T,ARR,Étranger,D,2021-09,3220.0,2021
Seine-Maritime,76,DEP,_T,ARR,Étranger,D,2021-09,23860.0,2021
Territoire de Belfort,90,DEP,_T,ARR,Étranger,D,2021-09,2350.0,2021
Haut-Rhin,68,DEP,_T,ARR,Étranger,D,2021-09,53950.0,2021
Lozère,48,DEP,_T,ARR,Étranger,D,2021-09,2420.0,2021
Jura,39,DEP,_T,ARR,Étranger,D,2021-09,6570.0,2021
Haute-Loire,43,DEP,_T,ARR,Étranger,D,2021-09,2050.0,2021
Lot,46,DEP,_T,ARR,Étranger,D,2021-09,4710.0,2021
Haute-Marne,52,DEP,_T,ARR,Étranger,D,2021-09,6420.0,2021
Côtes-d'Armor,22,DEP,_T,ARR,Étranger,D,2021-09,7030.0,2021
Pas-de-Calais,62,DEP,_T,ARR,France,D,2021-09,88000.0,2021
Hautes-Pyrénées,65,DEP,_T,ARR,Étranger,D,2021-09,22670.0,2021
Sarthe,72,DEP,_T,ARR,France,D,2021-09,47350.0,2021
Seine-Maritime,76,DEP,_T,ARR,France,D,2021-09,109880.0,2021
Essonne,91,DEP,_T,ARR,France,D,2021-09,65420.0,2021
Gers,32,DEP,_T,ARR,Étranger,D,2021-09,820.0,2021
Lot,46,DEP,_T,ARR,France,D,2021-09,35960.0,2021
Indre-et-Loire,37,DEP,_T,ARR,France,D,2021-09,88390.0,2021
Var,83,DEP,_T,ARR,Étranger,D,2021-09,43610.0,2021
Gard,30,DEP,_T,ARR,Étranger,D,2021-09,11710.0,2021
Haut-Rhin,68,DEP,_T,ARR,France,D,2021-09,83060.0,2021
Ariège,09,DEP,_T,ARR,France,D,2021-09,12080.0,2021
Corrèze,19,DEP,_T,ARR,France,D,2021-09,34140.0,2021
Alpes-Maritimes,06,DEP,_T,ARR,France,D,2021-09,204090.0,2021
Indre,36,DEP,_T,ARR,France,D,2021-09,21450.0,2021
Val-d'Oise,95,DEP,_T,ARR,France,D,2021-09,91080.0,2021
Vendée,85,DEP,_T,ARR,Étranger,D,2021-09,3820.0,2021
Vendée,85,DEP,_T,ARR,France,D,2021-09,92470.0,2021
Allier,03,DEP,_T,ARR,France,D,2021-09,51200.0,2021
Guyane,973,DEP,_T,ARR,France,D,2021-09,6590.0,2021
Corrèze,19,DEP,_T,ARR,Étranger,D,2021-09,3920.0,2021
Ardennes,08,DEP,_T,ARR,France,D,2021-09,13210.0,2021
Haute-Saône,70,DEP,_T,ARR,Étranger,D,2021-09,1080.0,2021
Maine-et-Loire,49,DEP,_T,ARR,France,D,2021-09,83070.0,2021
Marne,51,DEP,_T,ARR,Étranger,D,2021-09,33670.0,2021
Morbihan,56,DEP,_T,ARR,France,D,2021-09,100500.0,2021
Meuse,55,DEP,_T,ARR,Étranger,D,2021-09,2990.0,2021
Paris,75,DEP,_T,ARR,Étranger,D,2021-09,502360.0,2021
Haute-Garonne,31,DEP,_T,ARR,France,D,2021-09,115220.0,2021
Puy-de-Dôme,63,DEP,_T,ARR,France,D,2021-09,95090.0,2021
Pyrénées-Atlantiques,64,DEP,_T,ARR,France,D,2021-09,130950.0,2021
Yonne,89,DEP,_T,ARR,France,D,2021-09,37840.0,2021
Oise,60,DEP,_T,ARR,France,D,2021-09,57120.0,2021
Mayotte,976,DEP,_T,ARR,Étranger,D,2021-09,120.0,2021
Calvados,14,DEP,_T,ARR,France,D,2021-09,143640.0,2021
Ille-et-Vilaine,35,DEP,_T,ARR,Étranger,D,2021-09,20520.0,2021
Bas-Rhin,67,DEP,_T,ARR,Étranger,D,2021-09,56080.0,2021
Loire,42,DEP,_T,ARR,Étranger,D,2021-09,3350.0,2021
Tarn-et-Garonne,82,DEP,_T,ARR,Étranger,D,2021-09,1790.0,2021
Tarn,81,DEP,_T,ARR,Étranger,D,2021-09,2810.0,2021
Saône-et-Loire,71,DEP,_T,ARR,France,D,2021-09,71170.0,2021
Landes,40,DEP,_T,ARR,France,D,2021-09,49130.0,2021
Côtes-d'Armor,22,DEP,_T,ARR,France,D,2021-09,68430.0,2021
Cher,18,DEP,_T,ARR,Étranger,D,2021-09,6860.0,2021
Marne,51,DEP,_T,ARR,France,D,2021-09,61880.0,2021
Lot-et-Garonne,47,DEP,_T,ARR,Étranger,D,2021-09,1590.0,2021
Cher,18,DEP,_T,ARR,France,D,2021-09,42110.0,2021
Ardèche,07,DEP,_T,ARR,France,D,2021-09,35240.0,2021
Vaucluse,84,DEP,_T,ARR,Étranger,D,2021-09,34150.0,2021
Hautes-Alpes,05,DEP,_T,ARR,Étranger,D,2021-09,7180.0,2021
Somme,80,DEP,_T,ARR,France,D,2021-09,40650.0,2021
Bas-Rhin,67,DEP,_T,ARR,France,D,2021-09,118570.0,2021
Var,83,DEP,_T,ARR,France,D,2021-09,165020.0,2021
Aveyron,12,DEP,_T,ARR,Étranger,D,2021-09,4720.0,2021
Ille-et-Vilaine,35,DEP,_T,ARR,France,D,2021-09,147550.0,2021
Yonne,89,DEP,_T,ARR,Étranger,D,2021-09,7820.0,2021
Moselle,57,DEP,_T,ARR,France,D,2021-09,67480.0,2021
La Réunion,974,DEP,_T,ARR,Étranger,D,2021-09,1180.0,2021
La Réunion,974,DEP,_T,ARR,France,D,2021-09,38950.0,2021
Alpes-de-Haute-Provence,04,DEP,_T,ARR,France,D,2021-09,40490.0,2021
Drôme,26,DEP,_T,ARR,France,D,2021-09,67200.0,2021
Deux-Sèvres,79,DEP,_T,ARR,France,D,2021-09,26410.0,2021
Vosges,88,DEP,_T,ARR,Étranger,D,2021-09,9320.0,2021
Nièvre,58,DEP,_T,ARR,France,D,2021-09,19760.0,2021
Tarn-et-Garonne,82,DEP,_T,ARR,France,D,2021-09,21120.0,2021
Loir-et-Cher,41,DEP,_T,ARR,France,D,2021-09,64020.0,2021
Aude,11,DEP,_T,ARR,Étranger,D,2021-09,11710.0,2021
Creuse,23,DEP,_T,ARR,Étranger,D,2021-09,370.0,2021
Corse-du-Sud,2A,DEP,_T,ARR,France,D,2021-09,110020.0,2021
Loire,42,DEP,_T,ARR,France,D,2021-09,37570.0,2021
Eure-et-Loir,28,DEP,_T,ARR,France,D,2021-09,36830.0,2021
Aisne,02,DEP,_T,ARR,France,D,2021-09,21750.0,2021
Mayenne,53,DEP,_T,ARR,France,D,2021-09,18340.0,2021
Moselle,57,DEP,_T,ARR,Étranger,D,2021-09,15990.0,2021
Val-de-Marne,94,DEP,_T,ARR,France,D,2021-09,78730.0,2021
Charente-Maritime,17,DEP,_T,ARR,Étranger,D,2021-09,14030.0,2021
Somme,80,DEP,_T,ARR,Étranger,D,2021-09,9450.0,2021
Nord,59,DEP,_T,ARR,France,D,2021-09,141100.0,2021
Bouches-du-Rhône,13,DEP,_T,ARR,France,D,2021-09,278460.0,2021
Hérault,34,DEP,_T,ARR,France,D,2021-09,162330.0,2021
Puy-de-Dôme,63,DEP,_T,ARR,Étranger,D,2021-09,10890.0,2021
Aveyron,12,DEP,_T,ARR,France,D,2021-09,51600.0,2021
Dordogne,24,DEP,_T,ARR,Étranger,D,2021-09,11160.0,2021
Haute-Savoie,74,DEP,_T,ARR,France,D,2021-09,139340.0,2021
Dordogne,24,DEP,_T,ARR,France,D,2021-09,54490.0,2021
Alpes-Maritimes,06,DEP,_T,ARR,Étranger,D,2021-09,137810.0,2021
Haute-Corse,2B,DEP,_T,ARR,France,D,2021-09,74330.0,2021
Haute-Loire,43,DEP,_T,ARR,France,D,2021-09,26340.0,2021
Yvelines,78,DEP,_T,ARR,France,D,2021-09,73900.0,2021
Seine-et-Marne,77,DEP,_T,ARR,France,D,2021-09,155730.0,2021
Pyrénées-Orientales,66,DEP,_T,ARR,France,D,2021-09,71890.0,2021
Nièvre,58,DEP,_T,ARR,Étranger,D,2021-09,3250.0,2021
Isère,38,DEP,_T,ARR,Étranger,D,2021-09,17050.0,2021
Manche,50,DEP,_T,ARR,France,D,2021-09,64380.0,2021
Loire-Atlantique,44,DEP,_T,ARR,France,D,2021-09,164810.0,2021
Gers,32,DEP,_T,ARR,France,D,2021-09,12710.0,2021
Doubs,25,DEP,_T,ARR,France,D,2021-09,50070.0,2021
Côte-d'Or,21,DEP,_T,ARR,France,D,2021-09,102260.0,2021
Manche,50,DEP,_T,ARR,Étranger,D,2021-09,11570.0,2021
Ariège,09,DEP,_T,ARR,Étranger,D,2021-09,1320.0,2021
Seine-Saint-Denis,93,DEP,_T,ARR,France,D,2021-09,107610.0,2021
Haute-Vienne,87,DEP,_T,ARR,Étranger,D,2021-09,4870.0,2021
Tarn,81,DEP,_T,ARR,France,D,2021-09,28300.0,2021
Hautes-Pyrénées,65,DEP,_T,ARR,France,D,2021-09,52700.0,2021
Gard,30,DEP,_T,ARR,France,D,2021-09,67190.0,2021
Creuse,23,DEP,_T,ARR,France,D,2021-09,7940.0,2021
Loiret,45,DEP,_T,ARR,France,D,2021-09,71940.0,2021
Maine-et-Loire,49,DEP,_T,ARR,Étranger,D,2021-09,8530.0,2021
Lot-et-Garonne,47,DEP,_T,ARR,France,D,2021-09,23090.0,2021
Doubs,25,DEP,_T,ARR,Étranger,D,2021-09,11210.0,2021
Haute-Saône,70,DEP,_T,ARR,France,D,2021-09,5920.0,2021
Eure,27,DEP,_T,ARR,France,D,2021-09,29290.0,2021
Aude,11,DEP,_T,ARR,France,D,2021-09,59340.0,2021
Saône-et-Loire,71,DEP,_T,ARR,Étranger,D,2021-09,30680.0,2021
Ain,01,DEP,_T,ARR,France,D,2021-09,49810.0,2021
Oise,60,DEP,_T,ARR,Étranger,D,2021-09,9150.0,2021
Charente,16,DEP,_T,ARR,France,D,2021-09,25510.0,2021
Charente-Maritime,17,DEP,_T,ARR,France,D,2021-09,131100.0,2021
Pas-de-Calais,62,DEP,_T,ARR,Étranger,D,2021-09,32690.0,2021
Indre-et-Loire,37,DEP,_T,ARR,Étranger,D,2021-09,20020.0,2021
Meuse,55,DEP,_T,ARR,France,D,2021-09,9360.0,2021
Martinique,972,DEP,_T,ARR,France,D,2021-09,8090.0,2021
Isère,38,DEP,_T,ARR,France,D,2021-09,92450.0,2021
Val-de-Marne,94,DEP,_T,ARR,Étranger,D,2021-09,14450.0,2021
Cantal,15,DEP,_T,ARR,France,D,2021-09,23980.0,2021
Ain,01,DEP,_T,ARR,Étranger,D,2021-09,10870.0,2021
Haute-Marne,52,DEP,_T,ARR,France,D,2021-09,15490.0,2021
Haute-Corse,2B,DEP,_T,ARR,Étranger,D,2021-09,19420.0,2021
Finistère,29,DEP,_T,ARR,France,D,2021-09,102770.0,2021
Vosges,88,DEP,_T,ARR,France,D,2021-09,35550.0,2021
Paris,75,DEP,_T,ARR,France,D,2021-09,524370.0,2021
Aube,10,DEP,_T,ARR,France,D,2021-09,32690.0,2021
Guadeloupe,971,DEP,_T,ARR,France,D,2021-09,9390.0,2021
Mayotte,976,DEP,_T,ARR,France,D,2021-09,3130.0,2021
Rhône,69,DEP,_T,ARR,France,D,2021-09,246360.0,2021
Jura,39,DEP,_T,ARR,France,D,2021-09,28930.0,2021
Vienne,86,DEP,_T,ARR,France,D,2021-09,70130.0,2021
Gironde,33,DEP,_T,ARR,France,D,2021-09,207570.0,2021
Meurthe-et-Moselle,54,DEP,_T,ARR,France,D,2021-09,43310.0,2021
Hautes-Alpes,05,DEP,_T,ARR,France,D,2021-09,34280.0,2021
Loir-et-Cher,41,DEP,_T,ARR,Étranger,D,2021-09,9120.0,2021
Savoie,73,DEP,_T,ARR,France,D,2021-09,73600.0,2021
Haute-Vienne,87,DEP,_T,ARR,France,D,2021-09,35060.0,2021
Orne,61,DEP,_T,ARR,France,D,2021-09,17650.0,2021
Vaucluse,84,DEP,_T,ARR,France,D,2021-09,97810.0,2021
Hauts-de-Seine,92,DEP,_T,ARR,France,D,2021-09,119400.0,2021
Territoire de Belfort,90,DEP,_T,ARR,France,D,2021-09,11560.0,2021
Lozère,48,DEP,_T,ARR,France,D,2021-09,33210.0,2021
Corse-du-Sud,2A,DEP,_T,ARR,Étranger,D,2021-08,18360.0,2021
Côtes-d'Armor,22,DEP,_T,ARR,Étranger,D,2021-08,10440.0,2021
Ariège,09,DEP,_T,ARR,Étranger,D,2021-08,1750.0,2021
Aube,10,DEP,_T,ARR,Étranger,D,2021-08,16570.0,2021
Pas-de-Calais,62,DEP,_T,ARR,France,D,2021-08,99240.0,2021
Vendée,85,DEP,_T,ARR,Étranger,D,2021-08,5900.0,2021
Pyrénées-Orientales,66,DEP,_T,ARR,France,D,2021-08,113130.0,2021
Doubs,25,DEP,_T,ARR,Étranger,D,2021-08,15550.0,2021
Deux-Sèvres,79,DEP,_T,ARR,Étranger,D,2021-08,4060.0,2021
Loiret,45,DEP,_T,ARR,France,D,2021-08,77500.0,2021
Haute-Marne,52,DEP,_T,ARR,France,D,2021-08,14990.0,2021
Maine-et-Loire,49,DEP,_T,ARR,Étranger,D,2021-08,11900.0,2021
Sarthe,72,DEP,_T,ARR,Étranger,D,2021-08,8940.0,2021
Seine-Maritime,76,DEP,_T,ARR,Étranger,D,2021-08,36620.0,2021
Seine-et-Marne,77,DEP,_T,ARR,Étranger,D,2021-08,84240.0,2021
Paris,75,DEP,_T,ARR,Étranger,D,2021-08,387390.0,2021
Nord,59,DEP,_T,ARR,Étranger,D,2021-08,26070.0,2021
Martinique,972,DEP,_T,ARR,Étranger,D,2021-08,480.0,2021
Ain,01,DEP,_T,ARR,France,D,2021-08,56720.0,2021
Eure,27,DEP,_T,ARR,France,D,2021-08,24570.0,2021
Charente,16,DEP,_T,ARR,France,D,2021-08,36480.0,2021
Haute-Saône,70,DEP,_T,ARR,France,D,2021-08,5500.0,2021
Haute-Vienne,87,DEP,_T,ARR,Étranger,D,2021-08,6830.0,2021
Meuse,55,DEP,_T,ARR,Étranger,D,2021-08,4200.0,2021
Aude,11,DEP,_T,ARR,France,D,2021-08,96620.0,2021
Aveyron,12,DEP,_T,ARR,France,D,2021-08,76500.0,2021
Haute-Savoie,74,DEP,_T,ARR,France,D,2021-08,216230.0,2021
Charente,16,DEP,_T,ARR,Étranger,D,2021-08,6570.0,2021
Haute-Corse,2B,DEP,_T,ARR,France,D,2021-08,91860.0,2021
Somme,80,DEP,_T,ARR,Étranger,D,2021-08,11470.0,2021
Nièvre,58,DEP,_T,ARR,France,D,2021-08,26410.0,2021
Charente-Maritime,17,DEP,_T,ARR,Étranger,D,2021-08,16600.0,2021
Corrèze,19,DEP,_T,ARR,France,D,2021-08,52750.0,2021
Haute-Marne,52,DEP,_T,ARR,Étranger,D,2021-08,8160.0,2021
Hérault,34,DEP,_T,ARR,France,D,2021-08,226770.0,2021
Dordogne,24,DEP,_T,ARR,Étranger,D,2021-08,12790.0,2021
Nord,59,DEP,_T,ARR,France,D,2021-08,107950.0,2021
Allier,03,DEP,_T,ARR,Étranger,D,2021-08,7630.0,2021
Moselle,57,DEP,_T,ARR,Étranger,D,2021-08,24220.0,2021
Creuse,23,DEP,_T,ARR,Étranger,D,2021-08,890.0,2021
Loire,42,DEP,_T,ARR,France,D,2021-08,36870.0,2021
Tarn-et-Garonne,82,DEP,_T,ARR,France,D,2021-08,26580.0,2021
Mayenne,53,DEP,_T,ARR,France,D,2021-08,14600.0,2021
Haute-Loire,43,DEP,_T,ARR,France,D,2021-08,38430.0,2021
Meurthe-et-Moselle,54,DEP,_T,ARR,Étranger,D,2021-08,23650.0,2021
Eure-et-Loir,28,DEP,_T,ARR,Étranger,D,2021-08,12230.0,2021
Nièvre,58,DEP,_T,ARR,Étranger,D,2021-08,3770.0,2021
Haute-Saône,70,DEP,_T,ARR,Étranger,D,2021-08,1180.0,2021
Jura,39,DEP,_T,ARR,Étranger,D,2021-08,8150.0,2021
Gard,30,DEP,_T,ARR,France,D,2021-08,96680.0,2021
Aisne,02,DEP,_T,ARR,France,D,2021-08,18780.0,2021
Vosges,88,DEP,_T,ARR,Étranger,D,2021-08,11480.0,2021
Puy-de-Dôme,63,DEP,_T,ARR,Étranger,D,2021-08,18270.0,2021
Guadeloupe,971,DEP,_T,ARR,Étranger,D,2021-08,1080.0,2021
Eure-et-Loir,28,DEP,_T,ARR,France,D,2021-08,34160.0,2021
Pyrénées-Atlantiques,64,DEP,_T,ARR,Étranger,D,2021-08,24860.0,2021
Yonne,89,DEP,_T,ARR,Étranger,D,2021-08,11020.0,2021
Lot,46,DEP,_T,ARR,Étranger,D,2021-08,5280.0,2021
Ille-et-Vilaine,35,DEP,_T,ARR,France,D,2021-08,156700.0,2021
Meuse,55,DEP,_T,ARR,France,D,2021-08,9420.0,2021
Alpes-de-Haute-Provence,04,DEP,_T,ARR,Étranger,D,2021-08,11280.0,2021
Hautes-Alpes,05,DEP,_T,ARR,Étranger,D,2021-08,12730.0,2021
Aveyron,12,DEP,_T,ARR,Étranger,D,2021-08,5740.0,2021
Yonne,89,DEP,_T,ARR,France,D,2021-08,42400.0,2021
Yvelines,78,DEP,_T,ARR,Étranger,D,2021-08,12380.0,2021
Alpes-Maritimes,06,DEP,_T,ARR,France,D,2021-08,285610.0,2021
Somme,80,DEP,_T,ARR,France,D,2021-08,39990.0,2021
Ille-et-Vilaine,35,DEP,_T,ARR,Étranger,D,2021-08,30010.0,2021
Bas-Rhin,67,DEP,_T,ARR,France,D,2021-08,112050.0,2021
Vienne,86,DEP,_T,ARR,Étranger,D,2021-08,13730.0,2021
Hautes-Alpes,05,DEP,_T,ARR,France,D,2021-08,71210.0,2021
Orne,61,DEP,_T,ARR,France,D,2021-08,17850.0,2021
Loire,42,DEP,_T,ARR,Étranger,D,2021-08,3850.0,2021
Pyrénées-Orientales,66,DEP,_T,ARR,Étranger,D,2021-08,17420.0,2021
Drôme,26,DEP,_T,ARR,Étranger,D,2021-08,30610.0,2021
Charente-Maritime,17,DEP,_T,ARR,France,D,2021-08,166700.0,2021
Tarn-et-Garonne,82,DEP,_T,ARR,Étranger,D,2021-08,1860.0,2021
Haute-Garonne,31,DEP,_T,ARR,Étranger,D,2021-08,23260.0,2021
Landes,40,DEP,_T,ARR,France,D,2021-08,80230.0,2021
Hauts-de-Seine,92,DEP,_T,ARR,Étranger,D,2021-08,26590.0,2021
Cher,18,DEP,_T,ARR,France,D,2021-08,57890.0,2021
Calvados,14,DEP,_T,ARR,France,D,2021-08,174470.0,2021
Hauts-de-Seine,92,DEP,_T,ARR,France,D,2021-08,80610.0,2021
Marne,51,DEP,_T,ARR,France,D,2021-08,47820.0,2021
Côtes-d'Armor,22,DEP,_T,ARR,France,D,2021-08,85850.0,2021
Loiret,45,DEP,_T,ARR,Étranger,D,2021-08,34390.0,2021
Hautes-Pyrénées,65,DEP,_T,ARR,Étranger,D,2021-08,19470.0,2021
Jura,39,DEP,_T,ARR,France,D,2021-08,35770.0,2021
Manche,50,DEP,_T,ARR,France,D,2021-08,85670.0,2021
Landes,40,DEP,_T,ARR,Étranger,D,2021-08,8380.0,2021
Corse-du-Sud,2A,DEP,_T,ARR,France,D,2021-08,121450.0,2021
Guyane,973,DEP,_T,ARR,France,D,2021-08,11490.0,2021
Ardennes,08,DEP,_T,ARR,France,D,2021-08,10330.0,2021
Manche,50,DEP,_T,ARR,Étranger,D,2021-08,17510.0,2021
Aisne,02,DEP,_T,ARR,Étranger,D,2021-08,5420.0,2021
Essonne,91,DEP,_T,ARR,Étranger,D,2021-08,10710.0,2021
Cantal,15,DEP,_T,ARR,France,D,2021-08,42020.0,2021
Finistère,29,DEP,_T,ARR,Étranger,D,2021-08,16930.0,2021
Loire-Atlantique,44,DEP,_T,ARR,France,D,2021-08,172550.0,2021
Gers,32,DEP,_T,ARR,France,D,2021-08,13880.0,2021
Seine-Saint-Denis,93,DEP,_T,ARR,France,D,2021-08,81680.0,2021
Indre,36,DEP,_T,ARR,Étranger,D,2021-08,5210.0,2021
Savoie,73,DEP,_T,ARR,France,D,2021-08,129890.0,2021
Rhône,69,DEP,_T,ARR,Étranger,D,2021-08,75380.0,2021
Tarn,81,DEP,_T,ARR,France,D,2021-08,33240.0,2021
Corrèze,19,DEP,_T,ARR,Étranger,D,2021-08,5860.0,2021
Haut-Rhin,68,DEP,_T,ARR,Étranger,D,2021-08,66300.0,2021
Orne,61,DEP,_T,ARR,Étranger,D,2021-08,2370.0,2021
Val-d'Oise,95,DEP,_T,ARR,France,D,2021-08,77790.0,2021
Lot,46,DEP,_T,ARR,France,D,2021-08,53490.0,2021
Savoie,73,DEP,_T,ARR,Étranger,D,2021-08,18780.0,2021
Haute-Loire,43,DEP,_T,ARR,Étranger,D,2021-08,2520.0,2021
Gers,32,DEP,_T,ARR,Étranger,D,2021-08,770.0,2021
Haute-Garonne,31,DEP,_T,ARR,France,D,2021-08,118790.0,2021
Ariège,09,DEP,_T,ARR,France,D,2021-08,18670.0,2021
Ardèche,07,DEP,_T,ARR,Étranger,D,2021-08,8560.0,2021
Gard,30,DEP,_T,ARR,Étranger,D,2021-08,18640.0,2021
Indre-et-Loire,37,DEP,_T,ARR,France,D,2021-08,124120.0,2021
Vendée,85,DEP,_T,ARR,France,D,2021-08,127350.0,2021
Pyrénées-Atlantiques,64,DEP,_T,ARR,France,D,2021-08,167740.0,2021
Puy-de-Dôme,63,DEP,_T,ARR,France,D,2021-08,166690.0,2021
Vienne,86,DEP,_T,ARR,France,D,2021-08,150860.0,2021
Mayotte,976,DEP,_T,ARR,France,D,2021-08,2670.0,2021
Loire-Atlantique,44,DEP,_T,ARR,Étranger,D,2021-08,16910.0,2021
Aube,10,DEP,_T,ARR,France,D,2021-08,39110.0,2021
Allier,03,DEP,_T,ARR,France,D,2021-08,76880.0,2021
Guadeloupe,971,DEP,_T,ARR,France,D,2021-08,22920.0,2021
Vosges,88,DEP,_T,ARR,France,D,2021-08,47340.0,2021
Indre-et-Loire,37,DEP,_T,ARR,Étranger,D,2021-08,28130.0,2021
Ain,01,DEP,_T,ARR,Étranger,D,2021-08,14230.0,2021
Alpes-de-Haute-Provence,04,DEP,_T,ARR,France,D,2021-08,63780.0,2021
Lozère,48,DEP,_T,ARR,France,D,2021-08,53030.0,2021
Var,83,DEP,_T,ARR,France,D,2021-08,216740.0,2021
Drôme,26,DEP,_T,ARR,France,D,2021-08,95000.0,2021
Territoire de Belfort,90,DEP,_T,ARR,France,D,2021-08,9370.0,2021
Seine-et-Marne,77,DEP,_T,ARR,France,D,2021-08,190610.0,2021
Rhône,69,DEP,_T,ARR,France,D,2021-08,211620.0,2021
Oise,60,DEP,_T,ARR,Étranger,D,2021-08,12770.0,2021
Mayotte,976,DEP,_T,ARR,Étranger,D,2021-08,60.0,2021
Yvelines,78,DEP,_T,ARR,France,D,2021-08,56660.0,2021
La Réunion,974,DEP,_T,ARR,Étranger,D,2021-08,710.0,2021
Calvados,14,DEP,_T,ARR,Étranger,D,2021-08,44990.0,2021
Mayenne,53,DEP,_T,ARR,Étranger,D,2021-08,1100.0,2021
Guyane,973,DEP,_T,ARR,Étranger,D,2021-08,1450.0,2021
Aude,11,DEP,_T,ARR,Étranger,D,2021-08,15130.0,2021
Val-d'Oise,95,DEP,_T,ARR,Étranger,D,2021-08,24810.0,2021
Haute-Corse,2B,DEP,_T,ARR,Étranger,D,2021-08,22500.0,2021
Deux-Sèvres,79,DEP,_T,ARR,France,D,2021-08,35470.0,2021
Doubs,25,DEP,_T,ARR,France,D,2021-08,49360.0,2021
Côte-d'Or,21,DEP,_T,ARR,Étranger,D,2021-08,87860.0,2021
Saône-et-Loire,71,DEP,_T,ARR,France,D,2021-08,91690.0,2021
Alpes-Maritimes,06,DEP,_T,ARR,Étranger,D,2021-08,157020.0,2021
Ardèche,07,DEP,_T,ARR,France,D,2021-08,61520.0,2021
Eure,27,DEP,_T,ARR,Étranger,D,2021-08,3830.0,2021
Cher,18,DEP,_T,ARR,Étranger,D,2021-08,10830.0,2021
Creuse,23,DEP,_T,ARR,France,D,2021-08,12630.0,2021
Haute-Savoie,74,DEP,_T,ARR,Étranger,D,2021-08,59610.0,2021
Hautes-Pyrénées,65,DEP,_T,ARR,France,D,2021-08,90290.0,2021
Lot-et-Garonne,47,DEP,_T,ARR,France,D,2021-08,28970.0,2021
Gironde,33,DEP,_T,ARR,France,D,2021-08,257440.0,2021
Côte-d'Or,21,DEP,_T,ARR,France,D,2021-08,123520.0,2021
Var,83,DEP,_T,ARR,Étranger,D,2021-08,48130.0,2021
Bouches-du-Rhône,13,DEP,_T,ARR,Étranger,D,2021-08,73990.0,2021
Moselle,57,DEP,_T,ARR,France,D,2021-08,66180.0,2021
Maine-et-Loire,49,DEP,_T,ARR,France,D,2021-08,94030.0,2021
Marne,51,DEP,_T,ARR,Étranger,D,2021-08,38910.0,2021
Vaucluse,84,DEP,_T,ARR,France,D,2021-08,141720.0,2021
Tarn,81,DEP,_T,ARR,Étranger,D,2021-08,3530.0,2021
Loir-et-Cher,41,DEP,_T,ARR,Étranger,D,2021-08,12000.0,2021
Morbihan,56,DEP,_T,ARR,France,D,2021-08,121160.0,2021
Isère,38,DEP,_T,ARR,France,D,2021-08,112490.0,2021
Cantal,15,DEP,_T,ARR,Étranger,D,2021-08,3360.0,2021
Sarthe,72,DEP,_T,ARR,France,D,2021-08,40430.0,2021
Martinique,972,DEP,_T,ARR,France,D,2021-08,16070.0,2021
Territoire de Belfort,90,DEP,_T,ARR,Étranger,D,2021-08,2920.0,2021
Morbihan,56,DEP,_T,ARR,Étranger,D,2021-08,13260.0,2021
Loir-et-Cher,41,DEP,_T,ARR,France,D,2021-08,93700.0,2021
Seine-Saint-Denis,93,DEP,_T,ARR,Étranger,D,2021-08,25600.0,2021
Pas-de-Calais,62,DEP,_T,ARR,Étranger,D,2021-08,37590.0,2021
Bas-Rhin,67,DEP,_T,ARR,Étranger,D,2021-08,64280.0,2021
Val-de-Marne,94,DEP,_T,ARR,Étranger,D,2021-08,14120.0,2021
Val-de-Marne,94,DEP,_T,ARR,France,D,2021-08,60420.0,2021
Hérault,34,DEP,_T,ARR,Étranger,D,2021-08,32270.0,2021
Lot-et-Garonne,47,DEP,_T,ARR,Étranger,D,2021-08,2380.0,2021
Dordogne,24,DEP,_T,ARR,France,D,2021-08,83910.0,2021
Isère,38,DEP,_T,ARR,Étranger,D,2021-08,27770.0,2021
Vaucluse,84,DEP,_T,ARR,Étranger,D,2021-08,50160.0,2021
Bouches-du-Rhône,13,DEP,_T,ARR,France,D,2021-08,353950.0,2021
Haute-Vienne,87,DEP,_T,ARR,France,D,2021-08,48190.0,2021
Haut-Rhin,68,DEP,_T,ARR,France,D,2021-08,94030.0,2021
Meurthe-et-Moselle,54,DEP,_T,ARR,France,D,2021-08,35680.0,2021
Paris,75,DEP,_T,ARR,France,D,2021-08,381840.0,2021
Saône-et-Loire,71,DEP,_T,ARR,Étranger,D,2021-08,39400.0,2021
La Réunion,974,DEP,_T,ARR,France,D,2021-08,40050.0,2021
Seine-Maritime,76,DEP,_T,ARR,France,D,2021-08,120190.0,2021
Finistère,29,DEP,_T,ARR,France,D,2021-08,127600.0,2021
Ardennes,08,DEP,_T,ARR,Étranger,D,2021-08,4070.0,2021
Lozère,48,DEP,_T,ARR,Étranger,D,2021-08,2830.0,2021
Gironde,33,DEP,_T,ARR,Étranger,D,2021-08,68430.0,2021
Oise,60,DEP,_T,ARR,France,D,2021-08,64560.0,2021
Essonne,91,DEP,_T,ARR,France,D,2021-08,46270.0,2021
Indre,36,DEP,_T,ARR,France,D,2021-08,30000.0,2021
Cher,18,DEP,_T,ARR,France,D,2021-07,51060.0,2021
Eure,27,DEP,_T,ARR,Étranger,D,2021-07,3730.0,2021
Ardèche,07,DEP,_T,ARR,France,D,2021-07,52340.0,2021
Hautes-Pyrénées,65,DEP,_T,ARR,Étranger,D,2021-07,11100.0,2021
Indre-et-Loire,37,DEP,_T,ARR,France,D,2021-07,111200.0,2021
Somme,80,DEP,_T,ARR,France,D,2021-07,38630.0,2021
Haute-Loire,43,DEP,_T,ARR,Étranger,D,2021-07,2150.0,2021
Val-de-Marne,94,DEP,_T,ARR,Étranger,D,2021-07,12850.0,2021
Vendée,85,DEP,_T,ARR,France,D,2021-07,116530.0,2021
Tarn-et-Garonne,82,DEP,_T,ARR,Étranger,D,2021-07,1460.0,2021
Calvados,14,DEP,_T,ARR,France,D,2021-07,159010.0,2021
Seine-Maritime,76,DEP,_T,ARR,France,D,2021-07,115660.0,2021
Gers,32,DEP,_T,ARR,Étranger,D,2021-07,790.0,2021
Ardèche,07,DEP,_T,ARR,Étranger,D,2021-07,8440.0,2021
Marne,51,DEP,_T,ARR,France,D,2021-07,50400.0,2021
Var,83,DEP,_T,ARR,France,D,2021-07,212490.0,2021
Ariège,09,DEP,_T,ARR,France,D,2021-07,15430.0,2021
Cher,18,DEP,_T,ARR,Étranger,D,2021-07,10250.0,2021
Ille-et-Vilaine,35,DEP,_T,ARR,Étranger,D,2021-07,21110.0,2021
Ille-et-Vilaine,35,DEP,_T,ARR,France,D,2021-07,150220.0,2021
Indre,36,DEP,_T,ARR,France,D,2021-07,28090.0,2021
Yonne,89,DEP,_T,ARR,France,D,2021-07,45280.0,2021
Bas-Rhin,67,DEP,_T,ARR,France,D,2021-07,102410.0,2021
Val-d'Oise,95,DEP,_T,ARR,Étranger,D,2021-07,20500.0,2021
Yonne,89,DEP,_T,ARR,Étranger,D,2021-07,10440.0,2021
Haute-Savoie,74,DEP,_T,ARR,Étranger,D,2021-07,49600.0,2021
Loiret,45,DEP,_T,ARR,Étranger,D,2021-07,33010.0,2021
Hauts-de-Seine,92,DEP,_T,ARR,Étranger,D,2021-07,21210.0,2021
Lot,46,DEP,_T,ARR,Étranger,D,2021-07,5390.0,2021
Moselle,57,DEP,_T,ARR,France,D,2021-07,67090.0,2021
Vaucluse,84,DEP,_T,ARR,Étranger,D,2021-07,44040.0,2021
Haut-Rhin,68,DEP,_T,ARR,France,D,2021-07,84890.0,2021
Hautes-Alpes,05,DEP,_T,ARR,Étranger,D,2021-07,10880.0,2021
Aveyron,12,DEP,_T,ARR,Étranger,D,2021-07,5020.0,2021
Saône-et-Loire,71,DEP,_T,ARR,France,D,2021-07,93100.0,2021
Var,83,DEP,_T,ARR,Étranger,D,2021-07,50940.0,2021
Savoie,73,DEP,_T,ARR,Étranger,D,2021-07,17990.0,2021
Oise,60,DEP,_T,ARR,France,D,2021-07,57110.0,2021
Morbihan,56,DEP,_T,ARR,Étranger,D,2021-07,10100.0,2021
Gard,30,DEP,_T,ARR,Étranger,D,2021-07,18010.0,2021
Val-de-Marne,94,DEP,_T,ARR,France,D,2021-07,66700.0,2021
Pas-de-Calais,62,DEP,_T,ARR,Étranger,D,2021-07,28690.0,2021
Hauts-de-Seine,92,DEP,_T,ARR,France,D,2021-07,93880.0,2021
Hérault,34,DEP,_T,ARR,Étranger,D,2021-07,35690.0,2021
Paris,75,DEP,_T,ARR,France,D,2021-07,475180.0,2021
Guadeloupe,971,DEP,_T,ARR,Étranger,D,2021-07,4850.0,2021
Haute-Vienne,87,DEP,_T,ARR,France,D,2021-07,46780.0,2021
Rhône,69,DEP,_T,ARR,France,D,2021-07,242760.0,2021
Haut-Rhin,68,DEP,_T,ARR,Étranger,D,2021-07,55540.0,2021
Indre-et-Loire,37,DEP,_T,ARR,Étranger,D,2021-07,25830.0,2021
Essonne,91,DEP,_T,ARR,Étranger,D,2021-07,11940.0,2021
Territoire de Belfort,90,DEP,_T,ARR,Étranger,D,2021-07,3070.0,2021
Savoie,73,DEP,_T,ARR,France,D,2021-07,111590.0,2021
Loir-et-Cher,41,DEP,_T,ARR,Étranger,D,2021-07,12440.0,2021
Jura,39,DEP,_T,ARR,Étranger,D,2021-07,8260.0,2021
Isère,38,DEP,_T,ARR,France,D,2021-07,114690.0,2021
Haute-Marne,52,DEP,_T,ARR,France,D,2021-07,16650.0,2021
Martinique,972,DEP,_T,ARR,Étranger,D,2021-07,1100.0,2021
Pyrénées-Atlantiques,64,DEP,_T,ARR,Étranger,D,2021-07,23180.0,2021
Meurthe-et-Moselle,54,DEP,_T,ARR,France,D,2021-07,37480.0,2021
Martinique,972,DEP,_T,ARR,France,D,2021-07,28670.0,2021
Indre,36,DEP,_T,ARR,Étranger,D,2021-07,6020.0,2021
Cantal,15,DEP,_T,ARR,Étranger,D,2021-07,3400.0,2021
Finistère,29,DEP,_T,ARR,France,D,2021-07,112280.0,2021
Ain,01,DEP,_T,ARR,Étranger,D,2021-07,14620.0,2021
Cantal,15,DEP,_T,ARR,France,D,2021-07,35180.0,2021
Bouches-du-Rhône,13,DEP,_T,ARR,Étranger,D,2021-07,72690.0,2021
Orne,61,DEP,_T,ARR,France,D,2021-07,18350.0,2021
Gironde,33,DEP,_T,ARR,France,D,2021-07,229790.0,2021
Vienne,86,DEP,_T,ARR,Étranger,D,2021-07,14560.0,2021
Drôme,26,DEP,_T,ARR,Étranger,D,2021-07,31680.0,2021
Vaucluse,84,DEP,_T,ARR,France,D,2021-07,133970.0,2021
Hautes-Alpes,05,DEP,_T,ARR,France,D,2021-07,51980.0,2021
Alpes-de-Haute-Provence,04,DEP,_T,ARR,Étranger,D,2021-07,12050.0,2021
Territoire de Belfort,90,DEP,_T,ARR,France,D,2021-07,10380.0,2021
Côtes-d'Armor,22,DEP,_T,ARR,France,D,2021-07,73720.0,2021
Landes,40,DEP,_T,ARR,France,D,2021-07,64670.0,2021
Loire,42,DEP,_T,ARR,Étranger,D,2021-07,3350.0,2021
Côte-d'Or,21,DEP,_T,ARR,Étranger,D,2021-07,94300.0,2021
Bas-Rhin,67,DEP,_T,ARR,Étranger,D,2021-07,50870.0,2021
Charente-Maritime,17,DEP,_T,ARR,France,D,2021-07,152140.0,2021
Haute-Garonne,31,DEP,_T,ARR,Étranger,D,2021-07,18680.0,2021
Gironde,33,DEP,_T,ARR,Étranger,D,2021-07,52210.0,2021
Orne,61,DEP,_T,ARR,Étranger,D,2021-07,2230.0,2021
Vosges,88,DEP,_T,ARR,France,D,2021-07,39160.0,2021
Guadeloupe,971,DEP,_T,ARR,France,D,2021-07,40130.0,2021
Vienne,86,DEP,_T,ARR,France,D,2021-07,124470.0,2021
Haute-Corse,2B,DEP,_T,ARR,Étranger,D,2021-07,18620.0,2021
Lozère,48,DEP,_T,ARR,Étranger,D,2021-07,2860.0,2021
Aube,10,DEP,_T,ARR,France,D,2021-07,44480.0,2021
Mayotte,976,DEP,_T,ARR,Étranger,D,2021-07,30.0,2021
Yvelines,78,DEP,_T,ARR,Étranger,D,2021-07,12490.0,2021
Lozère,48,DEP,_T,ARR,France,D,2021-07,45850.0,2021
Meuse,55,DEP,_T,ARR,France,D,2021-07,10560.0,2021
Jura,39,DEP,_T,ARR,France,D,2021-07,33180.0,2021
Mayotte,976,DEP,_T,ARR,France,D,2021-07,3000.0,2021
Pyrénées-Orientales,66,DEP,_T,ARR,Étranger,D,2021-07,15920.0,2021
Val-d'Oise,95,DEP,_T,ARR,France,D,2021-07,84960.0,2021
Alpes-Maritimes,06,DEP,_T,ARR,France,D,2021-07,232890.0,2021
Côtes-d'Armor,22,DEP,_T,ARR,Étranger,D,2021-07,8340.0,2021
Loire-Atlantique,44,DEP,_T,ARR,France,D,2021-07,162570.0,2021
Nord,59,DEP,_T,ARR,Étranger,D,2021-07,23830.0,2021
Manche,50,DEP,_T,ARR,France,D,2021-07,71970.0,2021
Vosges,88,DEP,_T,ARR,Étranger,D,2021-07,11040.0,2021
Charente,16,DEP,_T,ARR,France,D,2021-07,32560.0,2021
Sarthe,72,DEP,_T,ARR,Étranger,D,2021-07,7870.0,2021
Doubs,25,DEP,_T,ARR,France,D,2021-07,49950.0,2021
Seine-et-Marne,77,DEP,_T,ARR,Étranger,D,2021-07,94360.0,2021
Saône-et-Loire,71,DEP,_T,ARR,Étranger,D,2021-07,41670.0,2021
Creuse,23,DEP,_T,ARR,France,D,2021-07,12340.0,2021
Pyrénées-Orientales,66,DEP,_T,ARR,France,D,2021-07,101330.0,2021
Meurthe-et-Moselle,54,DEP,_T,ARR,Étranger,D,2021-07,22680.0,2021
Ain,01,DEP,_T,ARR,France,D,2021-07,55330.0,2021
Lot-et-Garonne,47,DEP,_T,ARR,France,D,2021-07,26020.0,2021
Marne,51,DEP,_T,ARR,Étranger,D,2021-07,33420.0,2021
Creuse,23,DEP,_T,ARR,Étranger,D,2021-07,560.0,2021
Tarn-et-Garonne,82,DEP,_T,ARR,France,D,2021-07,22460.0,2021
Côte-d'Or,21,DEP,_T,ARR,France,D,2021-07,116510.0,2021
Somme,80,DEP,_T,ARR,Étranger,D,2021-07,10210.0,2021
Lot-et-Garonne,47,DEP,_T,ARR,Étranger,D,2021-07,1490.0,2021
Nièvre,58,DEP,_T,ARR,France,D,2021-07,24580.0,2021
Corse-du-Sud,2A,DEP,_T,ARR,France,D,2021-07,122170.0,2021
Haute-Marne,52,DEP,_T,ARR,Étranger,D,2021-07,8030.0,2021
Eure-et-Loir,28,DEP,_T,ARR,Étranger,D,2021-07,10290.0,2021
Aisne,02,DEP,_T,ARR,Étranger,D,2021-07,4760.0,2021
Seine-Saint-Denis,93,DEP,_T,ARR,France,D,2021-07,88290.0,2021
Corrèze,19,DEP,_T,ARR,Étranger,D,2021-07,4870.0,2021
Gers,32,DEP,_T,ARR,France,D,2021-07,13540.0,2021
Haute-Corse,2B,DEP,_T,ARR,France,D,2021-07,77660.0,2021
Deux-Sèvres,79,DEP,_T,ARR,Étranger,D,2021-07,3120.0,2021
Doubs,25,DEP,_T,ARR,Étranger,D,2021-07,13780.0,2021
Nièvre,58,DEP,_T,ARR,Étranger,D,2021-07,2930.0,2021
Seine-Saint-Denis,93,DEP,_T,ARR,Étranger,D,2021-07,22030.0,2021
Ardennes,08,DEP,_T,ARR,Étranger,D,2021-07,3420.0,2021
Meuse,55,DEP,_T,ARR,Étranger,D,2021-07,3410.0,2021
Haute-Loire,43,DEP,_T,ARR,France,D,2021-07,33350.0,2021
Pas-de-Calais,62,DEP,_T,ARR,France,D,2021-07,92060.0,2021
Gard,30,DEP,_T,ARR,France,D,2021-07,85490.0,2021
Mayenne,53,DEP,_T,ARR,Étranger,D,2021-07,840.0,2021
Yvelines,78,DEP,_T,ARR,France,D,2021-07,71180.0,2021
La Réunion,974,DEP,_T,ARR,Étranger,D,2021-07,570.0,2021
Seine-et-Marne,77,DEP,_T,ARR,France,D,2021-07,248910.0,2021
Aube,10,DEP,_T,ARR,Étranger,D,2021-07,15340.0,2021
Charente,16,DEP,_T,ARR,Étranger,D,2021-07,4790.0,2021
Mayenne,53,DEP,_T,ARR,France,D,2021-07,16910.0,2021
Haute-Saône,70,DEP,_T,ARR,Étranger,D,2021-07,1390.0,2021
Deux-Sèvres,79,DEP,_T,ARR,France,D,2021-07,30740.0,2021
Alpes-Maritimes,06,DEP,_T,ARR,Étranger,D,2021-07,137840.0,2021
Corse-du-Sud,2A,DEP,_T,ARR,Étranger,D,2021-07,17000.0,2021
Loiret,45,DEP,_T,ARR,France,D,2021-07,79390.0,2021
Eure,27,DEP,_T,ARR,France,D,2021-07,28850.0,2021
Loire,42,DEP,_T,ARR,France,D,2021-07,43070.0,2021
Isère,38,DEP,_T,ARR,Étranger,D,2021-07,29990.0,2021
Puy-de-Dôme,63,DEP,_T,ARR,Étranger,D,2021-07,18420.0,2021
Hautes-Pyrénées,65,DEP,_T,ARR,France,D,2021-07,63250.0,2021
Haute-Saône,70,DEP,_T,ARR,France,D,2021-07,7960.0,2021
Calvados,14,DEP,_T,ARR,Étranger,D,2021-07,36700.0,2021
Aisne,02,DEP,_T,ARR,France,D,2021-07,22420.0,2021
Seine-Maritime,76,DEP,_T,ARR,Étranger,D,2021-07,29360.0,2021
Aude,11,DEP,_T,ARR,France,D,2021-07,81740.0,2021
Paris,75,DEP,_T,ARR,Étranger,D,2021-07,322920.0,2021
Eure-et-Loir,28,DEP,_T,ARR,France,D,2021-07,37850.0,2021
Aude,11,DEP,_T,ARR,Étranger,D,2021-07,11170.0,2021
Loir-et-Cher,41,DEP,_T,ARR,France,D,2021-07,79770.0,2021
Finistère,29,DEP,_T,ARR,Étranger,D,2021-07,12960.0,2021
Essonne,91,DEP,_T,ARR,France,D,2021-07,63000.0,2021
Sarthe,72,DEP,_T,ARR,France,D,2021-07,47550.0,2021
Drôme,26,DEP,_T,ARR,France,D,2021-07,92390.0,2021
Moselle,57,DEP,_T,ARR,Étranger,D,2021-07,22760.0,2021
Corrèze,19,DEP,_T,ARR,France,D,2021-07,45460.0,2021
Charente-Maritime,17,DEP,_T,ARR,Étranger,D,2021-07,15760.0,2021
Aveyron,12,DEP,_T,ARR,France,D,2021-07,60100.0,2021
Ariège,09,DEP,_T,ARR,Étranger,D,2021-07,1300.0,2021
Maine-et-Loire,49,DEP,_T,ARR,France,D,2021-07,86880.0,2021
La Réunion,974,DEP,_T,ARR,France,D,2021-07,69500.0,2021
Ardennes,08,DEP,_T,ARR,France,D,2021-07,11140.0,2021
Rhône,69,DEP,_T,ARR,Étranger,D,2021-07,83190.0,2021
Landes,40,DEP,_T,ARR,Étranger,D,2021-07,7980.0,2021
Haute-Garonne,31,DEP,_T,ARR,France,D,2021-07,111380.0,2021
Vendée,85,DEP,_T,ARR,Étranger,D,2021-07,5740.0,2021
Manche,50,DEP,_T,ARR,Étranger,D,2021-07,12080.0,2021
Lot,46,DEP,_T,ARR,France,D,2021-07,47230.0,2021
Allier,03,DEP,_T,ARR,France,D,2021-07,69110.0,2021
Hérault,34,DEP,_T,ARR,France,D,2021-07,214580.0,2021
Allier,03,DEP,_T,ARR,Étranger,D,2021-07,6610.0,2021
Tarn,81,DEP,_T,ARR,Étranger,D,2021-07,2630.0,2021
Alpes-de-Haute-Provence,04,DEP,_T,ARR,France,D,2021-07,50360.0,2021
Dordogne,24,DEP,_T,ARR,Étranger,D,2021-07,12840.0,2021
Nord,59,DEP,_T,ARR,France,D,2021-07,116670.0,2021
Bouches-du-Rhône,13,DEP,_T,ARR,France,D,2021-07,342500.0,2021
Loire-Atlantique,44,DEP,_T,ARR,Étranger,D,2021-07,14440.0,2021
Haute-Vienne,87,DEP,_T,ARR,Étranger,D,2021-07,7080.0,2021
Pyrénées-Atlantiques,64,DEP,_T,ARR,France,D,2021-07,151680.0,2021
Puy-de-Dôme,63,DEP,_T,ARR,France,D,2021-07,146980.0,2021
Oise,60,DEP,_T,ARR,Étranger,D,2021-07,10130.0,2021
Guyane,973,DEP,_T,ARR,Étranger,D,2021-07,710.0,2021
Haute-Savoie,74,DEP,_T,ARR,France,D,2021-07,187800.0,2021
Dordogne,24,DEP,_T,ARR,France,D,2021-07,73300.0,2021
Morbihan,56,DEP,_T,ARR,France,D,2021-07,111830.0,2021
Maine-et-Loire,49,DEP,_T,ARR,Étranger,D,2021-07,9860.0,2021
Guyane,973,DEP,_T,ARR,France,D,2021-07,10060.0,2021
Tarn,81,DEP,_T,ARR,France,D,2021-07,30050.0,2021
Aisne,02,DEP,_T,ARR,France,D,2021-06,19180.0,2021
Haute-Marne,52,DEP,_T,ARR,France,D,2021-06,13170.0,2021
Nord,59,DEP,_T,ARR,France,D,2021-06,113600.0,2021
Haute-Loire,43,DEP,_T,ARR,France,D,2021-06,20480.0,2021
Haute-Corse,2B,DEP,_T,ARR,France,D,2021-06,58750.0,2021
Vosges,88,DEP,_T,ARR,France,D,2021-06,28700.0,2021
Aube,10,DEP,_T,ARR,France,D,2021-06,27780.0,2021
Guadeloupe,971,DEP,_T,ARR,France,D,2021-06,16630.0,2021
Isère,38,DEP,_T,ARR,France,D,2021-06,80300.0,2021
Nièvre,58,DEP,_T,ARR,France,D,2021-06,16460.0,2021
Loiret,45,DEP,_T,ARR,France,D,2021-06,59890.0,2021
Corrèze,19,DEP,_T,ARR,France,D,2021-06,29990.0,2021
Bouches-du-Rhône,13,DEP,_T,ARR,France,D,2021-06,246610.0,2021
Dordogne,24,DEP,_T,ARR,France,D,2021-06,44170.0,2021
Loir-et-Cher,41,DEP,_T,ARR,France,D,2021-06,48760.0,2021
Haute-Vienne,87,DEP,_T,ARR,France,D,2021-06,30290.0,2021
Rhône,69,DEP,_T,ARR,France,D,2021-06,192600.0,2021
Finistère,29,DEP,_T,ARR,France,D,2021-06,88510.0,2021
Paris,75,DEP,_T,ARR,France,D,2021-06,452800.0,2021
Martinique,972,DEP,_T,ARR,France,D,2021-06,15870.0,2021
Aveyron,12,DEP,_T,ARR,France,D,2021-06,41500.0,2021
Cantal,15,DEP,_T,ARR,France,D,2021-06,18410.0,2021
Tarn-et-Garonne,82,DEP,_T,ARR,France,D,2021-06,15580.0,2021
Meurthe-et-Moselle,54,DEP,_T,ARR,France,D,2021-06,34120.0,2021
Gironde,33,DEP,_T,ARR,France,D,2021-06,172510.0,2021
Eure-et-Loir,28,DEP,_T,ARR,France,D,2021-06,31110.0,2021
Hérault,34,DEP,_T,ARR,France,D,2021-06,146010.0,2021
Deux-Sèvres,79,DEP,_T,ARR,France,D,2021-06,19060.0,2021
Val-de-Marne,94,DEP,_T,ARR,France,D,2021-06,65060.0,2021
Savoie,73,DEP,_T,ARR,France,D,2021-06,60280.0,2021
Vienne,86,DEP,_T,ARR,France,D,2021-06,53610.0,2021
Loire,42,DEP,_T,ARR,France,D,2021-06,32740.0,2021
Haute-Savoie,74,DEP,_T,ARR,France,D,2021-06,114890.0,2021
Moselle,57,DEP,_T,ARR,France,D,2021-06,52500.0,2021
Ardennes,08,DEP,_T,ARR,France,D,2021-06,9000.0,2021
Var,83,DEP,_T,ARR,France,D,2021-06,162950.0,2021
Alpes-de-Haute-Provence,04,DEP,_T,ARR,France,D,2021-06,34230.0,2021
Morbihan,56,DEP,_T,ARR,France,D,2021-06,83600.0,2021
Bas-Rhin,67,DEP,_T,ARR,France,D,2021-06,83790.0,2021
Guyane,973,DEP,_T,ARR,France,D,2021-06,9080.0,2021
Corse-du-Sud,2A,DEP,_T,ARR,France,D,2021-06,99820.0,2021
Calvados,14,DEP,_T,ARR,France,D,2021-06,128490.0,2021
Gers,32,DEP,_T,ARR,France,D,2021-06,9000.0,2021
Landes,40,DEP,_T,ARR,France,D,2021-06,42000.0,2021
Doubs,25,DEP,_T,ARR,France,D,2021-06,39730.0,2021
Maine-et-Loire,49,DEP,_T,ARR,France,D,2021-06,62320.0,2021
Ardèche,07,DEP,_T,ARR,France,D,2021-06,28000.0,2021
Seine-Saint-Denis,93,DEP,_T,ARR,France,D,2021-06,85130.0,2021
Ille-et-Vilaine,35,DEP,_T,ARR,France,D,2021-06,125430.0,2021
Tarn,81,DEP,_T,ARR,France,D,2021-06,22520.0,2021
Drôme,26,DEP,_T,ARR,France,D,2021-06,61010.0,2021
Sarthe,72,DEP,_T,ARR,France,D,2021-06,38670.0,2021
Indre,36,DEP,_T,ARR,France,D,2021-06,17990.0,2021
Val-d'Oise,95,DEP,_T,ARR,France,D,2021-06,67870.0,2021
Allier,03,DEP,_T,ARR,France,D,2021-06,41010.0,2021
Indre-et-Loire,37,DEP,_T,ARR,France,D,2021-06,73210.0,2021
Vendée,85,DEP,_T,ARR,France,D,2021-06,70790.0,2021
La Réunion,974,DEP,_T,ARR,France,D,2021-06,39650.0,2021
Haut-Rhin,68,DEP,_T,ARR,France,D,2021-06,59270.0,2021
Lot,46,DEP,_T,ARR,France,D,2021-06,26130.0,2021
Essonne,91,DEP,_T,ARR,France,D,2021-06,59240.0,2021
Haute-Garonne,31,DEP,_T,ARR,France,D,2021-06,86420.0,2021
Puy-de-Dôme,63,DEP,_T,ARR,France,D,2021-06,78670.0,2021
Alpes-Maritimes,06,DEP,_T,ARR,France,D,2021-06,164420.0,2021
Saône-et-Loire,71,DEP,_T,ARR,France,D,2021-06,65280.0,2021
Somme,80,DEP,_T,ARR,France,D,2021-06,34930.0,2021
Oise,60,DEP,_T,ARR,France,D,2021-06,44150.0,2021
Seine-Maritime,76,DEP,_T,ARR,France,D,2021-06,96690.0,2021
Pyrénées-Atlantiques,64,DEP,_T,ARR,France,D,2021-06,106510.0,2021
Ariège,09,DEP,_T,ARR,France,D,2021-06,8940.0,2021
Yonne,89,DEP,_T,ARR,France,D,2021-06,34830.0,2021
Côtes-d'Armor,22,DEP,_T,ARR,France,D,2021-06,59610.0,2021
Aude,11,DEP,_T,ARR,France,D,2021-06,44970.0,2021
Yvelines,78,DEP,_T,ARR,France,D,2021-06,65910.0,2021
Territoire de Belfort,90,DEP,_T,ARR,France,D,2021-06,7490.0,2021
Gard,30,DEP,_T,ARR,France,D,2021-06,58610.0,2021
Meuse,55,DEP,_T,ARR,France,D,2021-06,6930.0,2021
Creuse,23,DEP,_T,ARR,France,D,2021-06,7830.0,2021
Pas-de-Calais,62,DEP,_T,ARR,France,D,2021-06,77200.0,2021
Hauts-de-Seine,92,DEP,_T,ARR,France,D,2021-06,93160.0,2021
Hautes-Pyrénées,65,DEP,_T,ARR,France,D,2021-06,28890.0,2021
Seine-et-Marne,77,DEP,_T,ARR,France,D,2021-06,130150.0,2021
Vaucluse,84,DEP,_T,ARR,France,D,2021-06,86190.0,2021
Mayenne,53,DEP,_T,ARR,France,D,2021-06,15240.0,2021
Mayotte,976,DEP,_T,ARR,France,D,2021-06,3170.0,2021
Lozère,48,DEP,_T,ARR,France,D,2021-06,30670.0,2021
Jura,39,DEP,_T,ARR,France,D,2021-06,23000.0,2021
Eure,27,DEP,_T,ARR,France,D,2021-06,25830.0,2021
Manche,50,DEP,_T,ARR,France,D,2021-06,50140.0,2021
Lot-et-Garonne,47,DEP,_T,ARR,France,D,2021-06,19760.0,2021
Côte-d'Or,21,DEP,_T,ARR,France,D,2021-06,81750.0,2021
Charente,16,DEP,_T,ARR,France,D,2021-06,22030.0,2021
Loire-Atlantique,44,DEP,_T,ARR,France,D,2021-06,134660.0,2021
Cher,18,DEP,_T,ARR,France,D,2021-06,33840.0,2021
Pyrénées-Orientales,66,DEP,_T,ARR,France,D,2021-06,64230.0,2021
Marne,51,DEP,_T,ARR,France,D,2021-06,51210.0,2021
Orne,61,DEP,_T,ARR,France,D,2021-06,15780.0,2021
Hautes-Alpes,05,DEP,_T,ARR,France,D,2021-06,26700.0,2021
Haute-Saône,70,DEP,_T,ARR,France,D,2021-06,5420.0,2021
Ain,01,DEP,_T,ARR,France,D,2021-06,36340.0,2021
Charente-Maritime,17,DEP,_T,ARR,France,D,2021-06,108070.0,2021
Cantal,15,DEP,_T,ARR,Étranger,D,2021-06,1010.0,2021
Isère,38,DEP,_T,ARR,Étranger,D,2021-06,9700.0,2021
Côte-d'Or,21,DEP,_T,ARR,Étranger,D,2021-06,32660.0,2021
Morbihan,56,DEP,_T,ARR,Étranger,D,2021-06,4610.0,2021
Haute-Vienne,87,DEP,_T,ARR,Étranger,D,2021-06,1680.0,2021
Hérault,34,DEP,_T,ARR,Étranger,D,2021-06,14280.0,2021
Gironde,33,DEP,_T,ARR,Étranger,D,2021-06,15410.0,2021
Sarthe,72,DEP,_T,ARR,Étranger,D,2021-06,2790.0,2021
Hautes-Pyrénées,65,DEP,_T,ARR,Étranger,D,2021-06,2640.0,2021
Meurthe-et-Moselle,54,DEP,_T,ARR,Étranger,D,2021-06,5840.0,2021
Seine-et-Marne,77,DEP,_T,ARR,Étranger,D,2021-06,20690.0,2021
Ain,01,DEP,_T,ARR,Étranger,D,2021-06,6130.0,2021
Calvados,14,DEP,_T,ARR,Étranger,D,2021-06,10400.0,2021
Meuse,55,DEP,_T,ARR,Étranger,D,2021-06,720.0,2021
Essonne,91,DEP,_T,ARR,Étranger,D,2021-06,5760.0,2021
Drôme,26,DEP,_T,ARR,Étranger,D,2021-06,13390.0,2021
Mayenne,53,DEP,_T,ARR,Étranger,D,2021-06,740.0,2021
Tarn,81,DEP,_T,ARR,Étranger,D,2021-06,980.0,2021
Rhône,69,DEP,_T,ARR,Étranger,D,2021-06,27970.0,2021
Lot-et-Garonne,47,DEP,_T,ARR,Étranger,D,2021-06,910.0,2021
Mayotte,976,DEP,_T,ARR,Étranger,D,2021-06,20.0,2021
Ardèche,07,DEP,_T,ARR,Étranger,D,2021-06,3090.0,2021
Bas-Rhin,67,DEP,_T,ARR,Étranger,D,2021-06,21530.0,2021
Yvelines,78,DEP,_T,ARR,Étranger,D,2021-06,5070.0,2021
Pyrénées-Orientales,66,DEP,_T,ARR,Étranger,D,2021-06,5880.0,2021
Ille-et-Vilaine,35,DEP,_T,ARR,Étranger,D,2021-06,7270.0,2021
Haute-Saône,70,DEP,_T,ARR,Étranger,D,2021-06,760.0,2021
Moselle,57,DEP,_T,ARR,Étranger,D,2021-06,8770.0,2021
Lot,46,DEP,_T,ARR,Étranger,D,2021-06,1260.0,2021
Vendée,85,DEP,_T,ARR,Étranger,D,2021-06,2110.0,2021
Bouches-du-Rhône,13,DEP,_T,ARR,Étranger,D,2021-06,33600.0,2021
Vaucluse,84,DEP,_T,ARR,Étranger,D,2021-06,15600.0,2021
La Réunion,974,DEP,_T,ARR,Étranger,D,2021-06,220.0,2021
Yonne,89,DEP,_T,ARR,Étranger,D,2021-06,4210.0,2021
Puy-de-Dôme,63,DEP,_T,ARR,Étranger,D,2021-06,6330.0,2021
Maine-et-Loire,49,DEP,_T,ARR,Étranger,D,2021-06,4470.0,2021
Indre,36,DEP,_T,ARR,Étranger,D,2021-06,1550.0,2021
Val-d'Oise,95,DEP,_T,ARR,Étranger,D,2021-06,13360.0,2021
Martinique,972,DEP,_T,ARR,Étranger,D,2021-06,610.0,2021
Var,83,DEP,_T,ARR,Étranger,D,2021-06,25380.0,2021
Gard,30,DEP,_T,ARR,Étranger,D,2021-06,7450.0,2021
Aveyron,12,DEP,_T,ARR,Étranger,D,2021-06,1920.0,2021
Aude,11,DEP,_T,ARR,Étranger,D,2021-06,3830.0,2021
Nièvre,58,DEP,_T,ARR,Étranger,D,2021-06,1410.0,2021
Guadeloupe,971,DEP,_T,ARR,Étranger,D,2021-06,1300.0,2021
Charente,16,DEP,_T,ARR,Étranger,D,2021-06,1990.0,2021
Ardennes,08,DEP,_T,ARR,Étranger,D,2021-06,1470.0,2021
Seine-Maritime,76,DEP,_T,ARR,Étranger,D,2021-06,8360.0,2021
Alpes-Maritimes,06,DEP,_T,ARR,Étranger,D,2021-06,48970.0,2021
Loiret,45,DEP,_T,ARR,Étranger,D,2021-06,10270.0,2021
Saône-et-Loire,71,DEP,_T,ARR,Étranger,D,2021-06,15290.0,2021
Manche,50,DEP,_T,ARR,Étranger,D,2021-06,3470.0,2021
Eure-et-Loir,28,DEP,_T,ARR,Étranger,D,2021-06,3130.0,2021
Nord,59,DEP,_T,ARR,Étranger,D,2021-06,12440.0,2021
Alpes-de-Haute-Provence,04,DEP,_T,ARR,Étranger,D,2021-06,4600.0,2021
Oise,60,DEP,_T,ARR,Étranger,D,2021-06,4350.0,2021
Haute-Savoie,74,DEP,_T,ARR,Étranger,D,2021-06,19710.0,2021
Haute-Garonne,31,DEP,_T,ARR,Étranger,D,2021-06,8740.0,2021
Ariège,09,DEP,_T,ARR,Étranger,D,2021-06,510.0,2021
Vienne,86,DEP,_T,ARR,Étranger,D,2021-06,4510.0,2021
Doubs,25,DEP,_T,ARR,Étranger,D,2021-06,6600.0,2021
Corrèze,19,DEP,_T,ARR,Étranger,D,2021-06,2180.0,2021
Corse-du-Sud,2A,DEP,_T,ARR,Étranger,D,2021-06,6890.0,2021
Cher,18,DEP,_T,ARR,Étranger,D,2021-06,3430.0,2021
Orne,61,DEP,_T,ARR,Étranger,D,2021-06,840.0,2021
Loir-et-Cher,41,DEP,_T,ARR,Étranger,D,2021-06,3600.0,2021
Creuse,23,DEP,_T,ARR,Étranger,D,2021-06,290.0,2021
Eure,27,DEP,_T,ARR,Étranger,D,2021-06,1540.0,2021
Finistère,29,DEP,_T,ARR,Étranger,D,2021-06,4760.0,2021
Allier,03,DEP,_T,ARR,Étranger,D,2021-06,2390.0,2021
Haute-Marne,52,DEP,_T,ARR,Étranger,D,2021-06,2730.0,2021
Côtes-d'Armor,22,DEP,_T,ARR,Étranger,D,2021-06,2660.0,2021
Aube,10,DEP,_T,ARR,Étranger,D,2021-06,3910.0,2021
Haute-Loire,43,DEP,_T,ARR,Étranger,D,2021-06,710.0,2021
Marne,51,DEP,_T,ARR,Étranger,D,2021-06,10360.0,2021
Vosges,88,DEP,_T,ARR,Étranger,D,2021-06,4350.0,2021
Val-de-Marne,94,DEP,_T,ARR,Étranger,D,2021-06,6230.0,2021
Dordogne,24,DEP,_T,ARR,Étranger,D,2021-06,3330.0,2021
Loire,42,DEP,_T,ARR,Étranger,D,2021-06,1730.0,2021
Guyane,973,DEP,_T,ARR,Étranger,D,2021-06,530.0,2021
Savoie,73,DEP,_T,ARR,Étranger,D,2021-06,5880.0,2021
Paris,75,DEP,_T,ARR,Étranger,D,2021-06,140170.0,2021
Jura,39,DEP,_T,ARR,Étranger,D,2021-06,3480.0,2021
Hautes-Alpes,05,DEP,_T,ARR,Étranger,D,2021-06,3340.0,2021
Tarn-et-Garonne,82,DEP,_T,ARR,Étranger,D,2021-06,1390.0,2021
Charente-Maritime,17,DEP,_T,ARR,Étranger,D,2021-06,5030.0,2021
Haut-Rhin,68,DEP,_T,ARR,Étranger,D,2021-06,15410.0,2021
Loire-Atlantique,44,DEP,_T,ARR,Étranger,D,2021-06,6840.0,2021
Gers,32,DEP,_T,ARR,Étranger,D,2021-06,380.0,2021
Pyrénées-Atlantiques,64,DEP,_T,ARR,Étranger,D,2021-06,8050.0,2021
Pas-de-Calais,62,DEP,_T,ARR,Étranger,D,2021-06,10070.0,2021
Territoire de Belfort,90,DEP,_T,ARR,Étranger,D,2021-06,1150.0,2021
Hauts-de-Seine,92,DEP,_T,ARR,Étranger,D,2021-06,10940.0,2021
Aisne,02,DEP,_T,ARR,Étranger,D,2021-06,2070.0,2021
Indre-et-Loire,37,DEP,_T,ARR,Étranger,D,2021-06,7610.0,2021
Landes,40,DEP,_T,ARR,Étranger,D,2021-06,2210.0,2021
Deux-Sèvres,79,DEP,_T,ARR,Étranger,D,2021-06,1220.0,2021
Haute-Corse,2B,DEP,_T,ARR,Étranger,D,2021-06,8290.0,2021
Lozère,48,DEP,_T,ARR,Étranger,D,2021-06,1130.0,2021
Seine-Saint-Denis,93,DEP,_T,ARR,Étranger,D,2021-06,12510.0,2021
Somme,80,DEP,_T,ARR,Étranger,D,2021-06,3530.0,2021
Manche,50,DEP,_T,ARR,Étranger,D,2011-09,26530.0,2011
Gers,32,DEP,_T,ARR,France,D,2011-09,14720.0,2011
Cher,18,DEP,_T,ARR,Étranger,D,2011-09,7200.0,2011
Doubs,25,DEP,_T,ARR,Étranger,D,2011-09,10840.0,2011
Tarn,81,DEP,_T,ARR,France,D,2011-09,28030.0,2011
Loiret,45,DEP,_T,ARR,France,D,2011-09,74600.0,2011
Haute-Corse,2B,DEP,_T,ARR,Étranger,D,2011-09,28780.0,2011
Haute-Vienne,87,DEP,_T,ARR,Étranger,D,2011-09,5680.0,2011
Isère,38,DEP,_T,ARR,France,D,2011-09,95990.0,2011
Haute-Saône,70,DEP,_T,ARR,France,D,2011-09,12590.0,2011
Pas-de-Calais,62,DEP,_T,ARR,Étranger,D,2011-09,54580.0,2011
Loire-Atlantique,44,DEP,_T,ARR,France,D,2011-09,162210.0,2011
Guyane,973,DEP,_T,ARR,France,D,2011-09,8160.0,2011
Paris,75,DEP,_T,ARR,France,D,2011-09,556880.0,2011
Seine-Saint-Denis,93,DEP,_T,ARR,France,D,2011-09,167260.0,2011
Mayenne,53,DEP,_T,ARR,France,D,2011-09,16170.0,2011
Gironde,33,DEP,_T,ARR,France,D,2011-09,188610.0,2011
Yonne,89,DEP,_T,ARR,Étranger,D,2011-09,12580.0,2011
Saône-et-Loire,71,DEP,_T,ARR,France,D,2011-09,73150.0,2011
Ariège,09,DEP,_T,ARR,France,D,2011-09,12910.0,2011
Paris,75,DEP,_T,ARR,Étranger,D,2011-09,808480.0,2011
Hautes-Pyrénées,65,DEP,_T,ARR,Étranger,D,2011-09,95920.0,2011
Haute-Vienne,87,DEP,_T,ARR,France,D,2011-09,39350.0,2011
Vienne,86,DEP,_T,ARR,France,D,2011-09,67240.0,2011
Lozère,48,DEP,_T,ARR,France,D,2011-09,28550.0,2011
Guyane,973,DEP,_T,ARR,Étranger,D,2011-09,2440.0,2011
Ain,01,DEP,_T,ARR,France,D,2011-09,48960.0,2011
Territoire de Belfort,90,DEP,_T,ARR,France,D,2011-09,12780.0,2011
Moselle,57,DEP,_T,ARR,France,D,2011-09,79600.0,2011
Tarn,81,DEP,_T,ARR,Étranger,D,2011-09,5510.0,2011
Ariège,09,DEP,_T,ARR,Étranger,D,2011-09,3890.0,2011
Rhône,69,DEP,_T,ARR,France,D,2011-09,220910.0,2011
Loir-et-Cher,41,DEP,_T,ARR,Étranger,D,2011-09,16080.0,2011
Allier,03,DEP,_T,ARR,France,D,2011-09,39990.0,2011
Maine-et-Loire,49,DEP,_T,ARR,Étranger,D,2011-09,12300.0,2011
Vaucluse,84,DEP,_T,ARR,France,D,2011-09,95060.0,2011
Lot,46,DEP,_T,ARR,France,D,2011-09,40400.0,2011
Ille-et-Vilaine,35,DEP,_T,ARR,France,D,2011-09,134050.0,2011
Val-d'Oise,95,DEP,_T,ARR,France,D,2011-09,148340.0,2011
Aveyron,12,DEP,_T,ARR,Étranger,D,2011-09,8090.0,2011
Manche,50,DEP,_T,ARR,France,D,2011-09,61400.0,2011
Var,83,DEP,_T,ARR,France,D,2011-09,155720.0,2011
Ardèche,07,DEP,_T,ARR,France,D,2011-09,30340.0,2011
Indre-et-Loire,37,DEP,_T,ARR,Étranger,D,2011-09,43240.0,2011
Guadeloupe,971,DEP,_T,ARR,France,D,2011-09,12670.0,2011
Calvados,14,DEP,_T,ARR,Étranger,D,2011-09,51350.0,2011
Eure,27,DEP,_T,ARR,France,D,2011-09,34700.0,2011
Indre-et-Loire,37,DEP,_T,ARR,France,D,2011-09,80780.0,2011
Pas-de-Calais,62,DEP,_T,ARR,France,D,2011-09,84690.0,2011
Vendée,85,DEP,_T,ARR,France,D,2011-09,64200.0,2011
Charente,16,DEP,_T,ARR,France,D,2011-09,24080.0,2011
Corrèze,19,DEP,_T,ARR,Étranger,D,2011-09,4010.0,2011
Pyrénées-Orientales,66,DEP,_T,ARR,France,D,2011-09,67630.0,2011
Bas-Rhin,67,DEP,_T,ARR,Étranger,D,2011-09,79260.0,2011
Vendée,85,DEP,_T,ARR,Étranger,D,2011-09,3220.0,2011
Var,83,DEP,_T,ARR,Étranger,D,2011-09,50860.0,2011
Oise,60,DEP,_T,ARR,France,D,2011-09,65370.0,2011
Hérault,34,DEP,_T,ARR,France,D,2011-09,148580.0,2011
Cantal,15,DEP,_T,ARR,Étranger,D,2011-09,3890.0,2011
Dordogne,24,DEP,_T,ARR,Étranger,D,2011-09,19080.0,2011
Lot-et-Garonne,47,DEP,_T,ARR,France,D,2011-09,24750.0,2011
Somme,80,DEP,_T,ARR,France,D,2011-09,44020.0,2011
Charente-Maritime,17,DEP,_T,ARR,Étranger,D,2011-09,13080.0,2011
Oise,60,DEP,_T,ARR,Étranger,D,2011-09,9290.0,2011
Aube,10,DEP,_T,ARR,France,D,2011-09,35020.0,2011
Haute-Savoie,74,DEP,_T,ARR,Étranger,D,2011-09,51990.0,2011
Aveyron,12,DEP,_T,ARR,France,D,2011-09,60100.0,2011
Yonne,89,DEP,_T,ARR,France,D,2011-09,44070.0,2011
Doubs,25,DEP,_T,ARR,France,D,2011-09,57890.0,2011
Alpes-Maritimes,06,DEP,_T,ARR,France,D,2011-09,210160.0,2011
Creuse,23,DEP,_T,ARR,France,D,2011-09,10340.0,2011
Nord,59,DEP,_T,ARR,France,D,2011-09,169670.0,2011
Val-d'Oise,95,DEP,_T,ARR,Étranger,D,2011-09,68140.0,2011
Hautes-Pyrénées,65,DEP,_T,ARR,France,D,2011-09,66380.0,2011
Val-de-Marne,94,DEP,_T,ARR,France,D,2011-09,119880.0,2011
Seine-et-Marne,77,DEP,_T,ARR,France,D,2011-09,212440.0,2011
Saône-et-Loire,71,DEP,_T,ARR,Étranger,D,2011-09,35090.0,2011
Isère,38,DEP,_T,ARR,Étranger,D,2011-09,19530.0,2011
Haute-Saône,70,DEP,_T,ARR,Étranger,D,2011-09,1600.0,2011
Lozère,48,DEP,_T,ARR,Étranger,D,2011-09,4670.0,2011
Loir-et-Cher,41,DEP,_T,ARR,France,D,2011-09,47020.0,2011
Deux-Sèvres,79,DEP,_T,ARR,France,D,2011-09,23360.0,2011
Nièvre,58,DEP,_T,ARR,Étranger,D,2011-09,7090.0,2011
Eure,27,DEP,_T,ARR,Étranger,D,2011-09,6220.0,2011
Ille-et-Vilaine,35,DEP,_T,ARR,Étranger,D,2011-09,31690.0,2011
Yvelines,78,DEP,_T,ARR,France,D,2011-09,105580.0,2011
Val-de-Marne,94,DEP,_T,ARR,Étranger,D,2011-09,37830.0,2011
Dordogne,24,DEP,_T,ARR,France,D,2011-09,55580.0,2011
Somme,80,DEP,_T,ARR,Étranger,D,2011-09,17870.0,2011
Morbihan,56,DEP,_T,ARR,Étranger,D,2011-09,11100.0,2011
Corrèze,19,DEP,_T,ARR,France,D,2011-09,36080.0,2011
Puy-de-Dôme,63,DEP,_T,ARR,France,D,2011-09,90320.0,2011
Bouches-du-Rhône,13,DEP,_T,ARR,France,D,2011-09,239310.0,2011
Vosges,88,DEP,_T,ARR,France,D,2011-09,40270.0,2011
Ardennes,08,DEP,_T,ARR,Étranger,D,2011-09,4200.0,2011
Haute-Corse,2B,DEP,_T,ARR,France,D,2011-09,70810.0,2011
Côte-d'Or,21,DEP,_T,ARR,France,D,2011-09,104430.0,2011
Vaucluse,84,DEP,_T,ARR,Étranger,D,2011-09,55130.0,2011
Lot-et-Garonne,47,DEP,_T,ARR,Étranger,D,2011-09,1940.0,2011
Moselle,57,DEP,_T,ARR,Étranger,D,2011-09,20640.0,2011
Haute-Marne,52,DEP,_T,ARR,France,D,2011-09,17570.0,2011
Haut-Rhin,68,DEP,_T,ARR,France,D,2011-09,101630.0,2011
Bouches-du-Rhône,13,DEP,_T,ARR,Étranger,D,2011-09,65360.0,2011
Aisne,02,DEP,_T,ARR,France,D,2011-09,25730.0,2011
Haute-Loire,43,DEP,_T,ARR,France,D,2011-09,23770.0,2011
Alpes-Maritimes,06,DEP,_T,ARR,Étranger,D,2011-09,226440.0,2011
Territoire de Belfort,90,DEP,_T,ARR,Étranger,D,2011-09,2680.0,2011
Seine-Maritime,76,DEP,_T,ARR,France,D,2011-09,113440.0,2011
Meurthe-et-Moselle,54,DEP,_T,ARR,France,D,2011-09,48350.0,2011
Aude,11,DEP,_T,ARR,France,D,2011-09,54510.0,2011
Gard,30,DEP,_T,ARR,France,D,2011-09,64990.0,2011
Martinique,972,DEP,_T,ARR,France,D,2011-09,12210.0,2011
Côte-d'Or,21,DEP,_T,ARR,Étranger,D,2011-09,82170.0,2011
Sarthe,72,DEP,_T,ARR,France,D,2011-09,50650.0,2011
Indre,36,DEP,_T,ARR,France,D,2011-09,24240.0,2011
Corse-du-Sud,2A,DEP,_T,ARR,France,D,2011-09,100110.0,2011
Finistère,29,DEP,_T,ARR,France,D,2011-09,88840.0,2011
Hérault,34,DEP,_T,ARR,Étranger,D,2011-09,30310.0,2011
Tarn-et-Garonne,82,DEP,_T,ARR,France,D,2011-09,21980.0,2011
La Réunion,974,DEP,_T,ARR,Étranger,D,2011-09,4760.0,2011
Morbihan,56,DEP,_T,ARR,France,D,2011-09,87050.0,2011
Maine-et-Loire,49,DEP,_T,ARR,France,D,2011-09,68180.0,2011
Creuse,23,DEP,_T,ARR,Étranger,D,2011-09,680.0,2011
Pyrénées-Atlantiques,64,DEP,_T,ARR,France,D,2011-09,135800.0,2011
Ardennes,08,DEP,_T,ARR,France,D,2011-09,12950.0,2011
Vosges,88,DEP,_T,ARR,Étranger,D,2011-09,9620.0,2011
Gers,32,DEP,_T,ARR,Étranger,D,2011-09,1070.0,2011
Ain,01,DEP,_T,ARR,Étranger,D,2011-09,17340.0,2011
Aude,11,DEP,_T,ARR,Étranger,D,2011-09,25770.0,2011
Haute-Savoie,74,DEP,_T,ARR,France,D,2011-09,129580.0,2011
Gironde,33,DEP,_T,ARR,Étranger,D,2011-09,48690.0,2011
Essonne,91,DEP,_T,ARR,France,D,2011-09,93090.0,2011
Nièvre,58,DEP,_T,ARR,France,D,2011-09,25350.0,2011
Marne,51,DEP,_T,ARR,Étranger,D,2011-09,45230.0,2011
La Réunion,974,DEP,_T,ARR,France,D,2011-09,27680.0,2011
Drôme,26,DEP,_T,ARR,France,D,2011-09,65230.0,2011
Loire,42,DEP,_T,ARR,France,D,2011-09,43210.0,2011
Haute-Garonne,31,DEP,_T,ARR,France,D,2011-09,120140.0,2011
Puy-de-Dôme,63,DEP,_T,ARR,Étranger,D,2011-09,9960.0,2011
Eure-et-Loir,28,DEP,_T,ARR,France,D,2011-09,36550.0,2011
Alpes-de-Haute-Provence,04,DEP,_T,ARR,France,D,2011-09,27810.0,2011
Meuse,55,DEP,_T,ARR,Étranger,D,2011-09,3900.0,2011
Gard,30,DEP,_T,ARR,Étranger,D,2011-09,19850.0,2011
Bas-Rhin,67,DEP,_T,ARR,France,D,2011-09,126610.0,2011
Haut-Rhin,68,DEP,_T,ARR,Étranger,D,2011-09,70340.0,2011
Savoie,73,DEP,_T,ARR,Étranger,D,2011-09,17970.0,2011
Landes,40,DEP,_T,ARR,France,D,2011-09,39990.0,2011
Seine-Maritime,76,DEP,_T,ARR,Étranger,D,2011-09,29660.0,2011
Aisne,02,DEP,_T,ARR,Étranger,D,2011-09,9270.0,2011
Meuse,55,DEP,_T,ARR,France,D,2011-09,11950.0,2011
Nord,59,DEP,_T,ARR,Étranger,D,2011-09,32560.0,2011
Guadeloupe,971,DEP,_T,ARR,Étranger,D,2011-09,1140.0,2011
Hauts-de-Seine,92,DEP,_T,ARR,Étranger,D,2011-09,84230.0,2011
Eure-et-Loir,28,DEP,_T,ARR,Étranger,D,2011-09,9340.0,2011
Pyrénées-Orientales,66,DEP,_T,ARR,Étranger,D,2011-09,15150.0,2011
Haute-Garonne,31,DEP,_T,ARR,Étranger,D,2011-09,37350.0,2011
Finistère,29,DEP,_T,ARR,Étranger,D,2011-09,13830.0,2011
Cantal,15,DEP,_T,ARR,France,D,2011-09,28740.0,2011
Jura,39,DEP,_T,ARR,Étranger,D,2011-09,7300.0,2011
Alpes-de-Haute-Provence,04,DEP,_T,ARR,Étranger,D,2011-09,13380.0,2011
Calvados,14,DEP,_T,ARR,France,D,2011-09,140160.0,2011
Orne,61,DEP,_T,ARR,Étranger,D,2011-09,2490.0,2011
Sarthe,72,DEP,_T,ARR,Étranger,D,2011-09,8000.0,2011
Côtes-d'Armor,22,DEP,_T,ARR,Étranger,D,2011-09,9780.0,2011
Meurthe-et-Moselle,54,DEP,_T,ARR,Étranger,D,2011-09,11360.0,2011
Orne,61,DEP,_T,ARR,France,D,2011-09,26240.0,2011
Essonne,91,DEP,_T,ARR,Étranger,D,2011-09,19810.0,2011
Marne,51,DEP,_T,ARR,France,D,2011-09,66460.0,2011
Rhône,69,DEP,_T,ARR,Étranger,D,2011-09,48340.0,2011
Drôme,26,DEP,_T,ARR,Étranger,D,2011-09,15670.0,2011
Cher,18,DEP,_T,ARR,France,D,2011-09,33750.0,2011
Ardèche,07,DEP,_T,ARR,Étranger,D,2011-09,4820.0,2011
Corse-du-Sud,2A,DEP,_T,ARR,Étranger,D,2011-09,25170.0,2011
Côtes-d'Armor,22,DEP,_T,ARR,France,D,2011-09,54280.0,2011
Seine-Saint-Denis,93,DEP,_T,ARR,Étranger,D,2011-09,61590.0,2011
Hauts-de-Seine,92,DEP,_T,ARR,France,D,2011-09,156640.0,2011
Mayenne,53,DEP,_T,ARR,Étranger,D,2011-09,1070.0,2011
Loire,42,DEP,_T,ARR,Étranger,D,2011-09,4570.0,2011
Vienne,86,DEP,_T,ARR,Étranger,D,2011-09,7660.0,2011
Aube,10,DEP,_T,ARR,Étranger,D,2011-09,11620.0,2011
Martinique,972,DEP,_T,ARR,Étranger,D,2011-09,1890.0,2011
Indre,36,DEP,_T,ARR,Étranger,D,2011-09,4460.0,2011
Seine-et-Marne,77,DEP,_T,ARR,Étranger,D,2011-09,165970.0,2011
Charente-Maritime,17,DEP,_T,ARR,France,D,2011-09,122920.0,2011
Loiret,45,DEP,_T,ARR,Étranger,D,2011-09,18180.0,2011
Hautes-Alpes,05,DEP,_T,ARR,Étranger,D,2011-09,7500.0,2011
Haute-Loire,43,DEP,_T,ARR,Étranger,D,2011-09,2960.0,2011
Deux-Sèvres,79,DEP,_T,ARR,Étranger,D,2011-09,2770.0,2011
Pyrénées-Atlantiques,64,DEP,_T,ARR,Étranger,D,2011-09,26120.0,2011
Tarn-et-Garonne,82,DEP,_T,ARR,Étranger,D,2011-09,1690.0,2011
Charente,16,DEP,_T,ARR,Étranger,D,2011-09,3080.0,2011
Savoie,73,DEP,_T,ARR,France,D,2011-09,65140.0,2011
Lot,46,DEP,_T,ARR,Étranger,D,2011-09,10570.0,2011
Loire-Atlantique,44,DEP,_T,ARR,Étranger,D,2011-09,12520.0,2011
Yvelines,78,DEP,_T,ARR,Étranger,D,2011-09,29670.0,2011
Haute-Marne,52,DEP,_T,ARR,Étranger,D,2011-09,7420.0,2011
Jura,39,DEP,_T,ARR,France,D,2011-09,30160.0,2011
Hautes-Alpes,05,DEP,_T,ARR,France,D,2011-09,29250.0,2011
Allier,03,DEP,_T,ARR,Étranger,D,2011-09,5360.0,2011
Landes,40,DEP,_T,ARR,Étranger,D,2011-09,6310.0,2011
Aube,10,DEP,_T,ARR,France,D,2011-08,39950.0,2011
Loire,42,DEP,_T,ARR,Étranger,D,2011-08,9350.0,2011
Nord,59,DEP,_T,ARR,Étranger,D,2011-08,36440.0,2011
Eure,27,DEP,_T,ARR,France,D,2011-08,28200.0,2011
Gard,30,DEP,_T,ARR,France,D,2011-08,89380.0,2011
Oise,60,DEP,_T,ARR,Étranger,D,2011-08,12580.0,2011
Deux-Sèvres,79,DEP,_T,ARR,France,D,2011-08,24630.0,2011
Lozère,48,DEP,_T,ARR,Étranger,D,2011-08,6380.0,2011
Yonne,89,DEP,_T,ARR,France,D,2011-08,46450.0,2011
Finistère,29,DEP,_T,ARR,France,D,2011-08,111600.0,2011
Deux-Sèvres,79,DEP,_T,ARR,Étranger,D,2011-08,4010.0,2011
Martinique,972,DEP,_T,ARR,France,D,2011-08,29160.0,2011
Vienne,86,DEP,_T,ARR,Étranger,D,2011-08,24160.0,2011
Puy-de-Dôme,63,DEP,_T,ARR,France,D,2011-08,135290.0,2011
Haute-Savoie,74,DEP,_T,ARR,Étranger,D,2011-08,84510.0,2011
Indre,36,DEP,_T,ARR,Étranger,D,2011-08,8030.0,2011
Meurthe-et-Moselle,54,DEP,_T,ARR,Étranger,D,2011-08,22000.0,2011
Meurthe-et-Moselle,54,DEP,_T,ARR,France,D,2011-08,46150.0,2011
Loir-et-Cher,41,DEP,_T,ARR,France,D,2011-08,60550.0,2011
Seine-et-Marne,77,DEP,_T,ARR,France,D,2011-08,208980.0,2011
Morbihan,56,DEP,_T,ARR,Étranger,D,2011-08,19790.0,2011
Meuse,55,DEP,_T,ARR,France,D,2011-08,12070.0,2011
Haute-Saône,70,DEP,_T,ARR,Étranger,D,2011-08,1600.0,2011
Seine-Maritime,76,DEP,_T,ARR,Étranger,D,2011-08,52420.0,2011
Ardèche,07,DEP,_T,ARR,Étranger,D,2011-08,7770.0,2011
Loiret,45,DEP,_T,ARR,France,D,2011-08,67340.0,2011
Yvelines,78,DEP,_T,ARR,France,D,2011-08,77510.0,2011
Calvados,14,DEP,_T,ARR,France,D,2011-08,155110.0,2011
Nièvre,58,DEP,_T,ARR,Étranger,D,2011-08,8030.0,2011
Gironde,33,DEP,_T,ARR,Étranger,D,2011-08,67870.0,2011
Pyrénées-Orientales,66,DEP,_T,ARR,France,D,2011-08,111430.0,2011
Oise,60,DEP,_T,ARR,France,D,2011-08,55510.0,2011
Tarn-et-Garonne,82,DEP,_T,ARR,Étranger,D,2011-08,2120.0,2011
Pyrénées-Atlantiques,64,DEP,_T,ARR,France,D,2011-08,171510.0,2011
Alpes-Maritimes,06,DEP,_T,ARR,France,D,2011-08,236060.0,2011
Alpes-de-Haute-Provence,04,DEP,_T,ARR,France,D,2011-08,40010.0,2011
Doubs,25,DEP,_T,ARR,France,D,2011-08,52460.0,2011
Paris,75,DEP,_T,ARR,Étranger,D,2011-08,786930.0,2011
Guadeloupe,971,DEP,_T,ARR,Étranger,D,2011-08,2740.0,2011
Loir-et-Cher,41,DEP,_T,ARR,Étranger,D,2011-08,25990.0,2011
Côte-d'Or,21,DEP,_T,ARR,France,D,2011-08,110560.0,2011
Charente,16,DEP,_T,ARR,France,D,2011-08,23580.0,2011
Territoire de Belfort,90,DEP,_T,ARR,Étranger,D,2011-08,2640.0,2011
Gers,32,DEP,_T,ARR,Étranger,D,2011-08,1510.0,2011
Hautes-Pyrénées,65,DEP,_T,ARR,Étranger,D,2011-08,107700.0,2011
Cantal,15,DEP,_T,ARR,Étranger,D,2011-08,5440.0,2011
Hérault,34,DEP,_T,ARR,Étranger,D,2011-08,51990.0,2011
Val-de-Marne,94,DEP,_T,ARR,Étranger,D,2011-08,48080.0,2011
Allier,03,DEP,_T,ARR,Étranger,D,2011-08,9570.0,2011
Drôme,26,DEP,_T,ARR,France,D,2011-08,78420.0,2011
Haut-Rhin,68,DEP,_T,ARR,France,D,2011-08,104900.0,2011
La Réunion,974,DEP,_T,ARR,France,D,2011-08,29110.0,2011
Ain,01,DEP,_T,ARR,France,D,2011-08,44520.0,2011
Drôme,26,DEP,_T,ARR,Étranger,D,2011-08,27920.0,2011
Saône-et-Loire,71,DEP,_T,ARR,Étranger,D,2011-08,50720.0,2011
Maine-et-Loire,49,DEP,_T,ARR,France,D,2011-08,73180.0,2011
Côtes-d'Armor,22,DEP,_T,ARR,Étranger,D,2011-08,17370.0,2011
Var,83,DEP,_T,ARR,Étranger,D,2011-08,65590.0,2011
Maine-et-Loire,49,DEP,_T,ARR,Étranger,D,2011-08,16080.0,2011
Allier,03,DEP,_T,ARR,France,D,2011-08,63360.0,2011
Jura,39,DEP,_T,ARR,France,D,2011-08,38450.0,2011
Indre,36,DEP,_T,ARR,France,D,2011-08,28290.0,2011
Val-d'Oise,95,DEP,_T,ARR,France,D,2011-08,129350.0,2011
Lot-et-Garonne,47,DEP,_T,ARR,France,D,2011-08,30350.0,2011
La Réunion,974,DEP,_T,ARR,Étranger,D,2011-08,3390.0,2011
Haute-Marne,52,DEP,_T,ARR,France,D,2011-08,19230.0,2011
Bouches-du-Rhône,13,DEP,_T,ARR,Étranger,D,2011-08,90320.0,2011
Guyane,973,DEP,_T,ARR,France,D,2011-08,7180.0,2011
Aude,11,DEP,_T,ARR,France,D,2011-08,91910.0,2011
Alpes-Maritimes,06,DEP,_T,ARR,Étranger,D,2011-08,260290.0,2011
Essonne,91,DEP,_T,ARR,France,D,2011-08,69600.0,2011
Seine-Maritime,76,DEP,_T,ARR,France,D,2011-08,110100.0,2011
Charente,16,DEP,_T,ARR,Étranger,D,2011-08,6580.0,2011
Gard,30,DEP,_T,ARR,Étranger,D,2011-08,31980.0,2011
Vosges,88,DEP,_T,ARR,France,D,2011-08,48430.0,2011
Sarthe,72,DEP,_T,ARR,France,D,2011-08,41450.0,2011
Alpes-de-Haute-Provence,04,DEP,_T,ARR,Étranger,D,2011-08,16570.0,2011
Seine-et-Marne,77,DEP,_T,ARR,Étranger,D,2011-08,211460.0,2011
Manche,50,DEP,_T,ARR,Étranger,D,2011-08,32350.0,2011
Lot-et-Garonne,47,DEP,_T,ARR,Étranger,D,2011-08,2290.0,2011
Hautes-Pyrénées,65,DEP,_T,ARR,France,D,2011-08,116040.0,2011
Doubs,25,DEP,_T,ARR,Étranger,D,2011-08,14630.0,2011
Morbihan,56,DEP,_T,ARR,France,D,2011-08,111980.0,2011
Savoie,73,DEP,_T,ARR,France,D,2011-08,93960.0,2011
Charente-Maritime,17,DEP,_T,ARR,France,D,2011-08,161620.0,2011
Marne,51,DEP,_T,ARR,France,D,2011-08,55530.0,2011
Isère,38,DEP,_T,ARR,Étranger,D,2011-08,31340.0,2011
Creuse,23,DEP,_T,ARR,France,D,2011-08,14680.0,2011
Ain,01,DEP,_T,ARR,Étranger,D,2011-08,22610.0,2011
Haute-Loire,43,DEP,_T,ARR,Étranger,D,2011-08,5230.0,2011
Haute-Savoie,74,DEP,_T,ARR,France,D,2011-08,185300.0,2011
Loire-Atlantique,44,DEP,_T,ARR,Étranger,D,2011-08,17490.0,2011
Creuse,23,DEP,_T,ARR,Étranger,D,2011-08,1110.0,2011
Haute-Vienne,87,DEP,_T,ARR,France,D,2011-08,48660.0,2011
Aveyron,12,DEP,_T,ARR,France,D,2011-08,82300.0,2011
Loiret,45,DEP,_T,ARR,Étranger,D,2011-08,43830.0,2011
Seine-Saint-Denis,93,DEP,_T,ARR,Étranger,D,2011-08,72970.0,2011
Vaucluse,84,DEP,_T,ARR,Étranger,D,2011-08,72550.0,2011
Savoie,73,DEP,_T,ARR,Étranger,D,2011-08,30630.0,2011
Haute-Corse,2B,DEP,_T,ARR,France,D,2011-08,66770.0,2011
Gironde,33,DEP,_T,ARR,France,D,2011-08,217520.0,2011
Corse-du-Sud,2A,DEP,_T,ARR,Étranger,D,2011-08,26510.0,2011
Ariège,09,DEP,_T,ARR,France,D,2011-08,19860.0,2011
Lot,46,DEP,_T,ARR,Étranger,D,2011-08,13880.0,2011
Ardèche,07,DEP,_T,ARR,France,D,2011-08,50150.0,2011
Corrèze,19,DEP,_T,ARR,France,D,2011-08,55880.0,2011
Val-d'Oise,95,DEP,_T,ARR,Étranger,D,2011-08,70610.0,2011
Ardennes,08,DEP,_T,ARR,Étranger,D,2011-08,5050.0,2011
Ardennes,08,DEP,_T,ARR,France,D,2011-08,11870.0,2011
Aube,10,DEP,_T,ARR,Étranger,D,2011-08,18930.0,2011
Essonne,91,DEP,_T,ARR,Étranger,D,2011-08,26990.0,2011
Dordogne,24,DEP,_T,ARR,Étranger,D,2011-08,19950.0,2011
Nord,59,DEP,_T,ARR,France,D,2011-08,122300.0,2011
Bouches-du-Rhône,13,DEP,_T,ARR,France,D,2011-08,259820.0,2011
Landes,40,DEP,_T,ARR,Étranger,D,2011-08,7560.0,2011
Yvelines,78,DEP,_T,ARR,Étranger,D,2011-08,38040.0,2011
Eure-et-Loir,28,DEP,_T,ARR,France,D,2011-08,32420.0,2011
Haute-Vienne,87,DEP,_T,ARR,Étranger,D,2011-08,11090.0,2011
Landes,40,DEP,_T,ARR,France,D,2011-08,65580.0,2011
Pas-de-Calais,62,DEP,_T,ARR,Étranger,D,2011-08,78020.0,2011
Jura,39,DEP,_T,ARR,Étranger,D,2011-08,9240.0,2011
Hérault,34,DEP,_T,ARR,France,D,2011-08,193220.0,2011
Vendée,85,DEP,_T,ARR,Étranger,D,2011-08,4190.0,2011
Territoire de Belfort,90,DEP,_T,ARR,France,D,2011-08,11090.0,2011
Hauts-de-Seine,92,DEP,_T,ARR,France,D,2011-08,101520.0,2011
Calvados,14,DEP,_T,ARR,Étranger,D,2011-08,74960.0,2011
Finistère,29,DEP,_T,ARR,Étranger,D,2011-08,25680.0,2011
Loire,42,DEP,_T,ARR,France,D,2011-08,33870.0,2011
Lozère,48,DEP,_T,ARR,France,D,2011-08,41430.0,2011
Guyane,973,DEP,_T,ARR,Étranger,D,2011-08,2290.0,2011
Tarn,81,DEP,_T,ARR,Étranger,D,2011-08,7290.0,2011
Lot,46,DEP,_T,ARR,France,D,2011-08,52170.0,2011
Haut-Rhin,68,DEP,_T,ARR,Étranger,D,2011-08,86000.0,2011
Indre-et-Loire,37,DEP,_T,ARR,Étranger,D,2011-08,63230.0,2011
Seine-Saint-Denis,93,DEP,_T,ARR,France,D,2011-08,130100.0,2011
Puy-de-Dôme,63,DEP,_T,ARR,Étranger,D,2011-08,26340.0,2011
Tarn-et-Garonne,82,DEP,_T,ARR,France,D,2011-08,22640.0,2011
Pyrénées-Atlantiques,64,DEP,_T,ARR,Étranger,D,2011-08,35360.0,2011
Haute-Garonne,31,DEP,_T,ARR,France,D,2011-08,122280.0,2011
Gers,32,DEP,_T,ARR,France,D,2011-08,16440.0,2011
Loire-Atlantique,44,DEP,_T,ARR,France,D,2011-08,157190.0,2011
Mayenne,53,DEP,_T,ARR,Étranger,D,2011-08,1890.0,2011
Cher,18,DEP,_T,ARR,Étranger,D,2011-08,16710.0,2011
Ille-et-Vilaine,35,DEP,_T,ARR,France,D,2011-08,140030.0,2011
Rhône,69,DEP,_T,ARR,France,D,2011-08,167350.0,2011
Vendée,85,DEP,_T,ARR,France,D,2011-08,91140.0,2011
Meuse,55,DEP,_T,ARR,Étranger,D,2011-08,4020.0,2011
Hautes-Alpes,05,DEP,_T,ARR,Étranger,D,2011-08,14410.0,2011
Haute-Corse,2B,DEP,_T,ARR,Étranger,D,2011-08,36300.0,2011
Haute-Marne,52,DEP,_T,ARR,Étranger,D,2011-08,10250.0,2011
Martinique,972,DEP,_T,ARR,Étranger,D,2011-08,2030.0,2011
Vaucluse,84,DEP,_T,ARR,France,D,2011-08,112320.0,2011
Vienne,86,DEP,_T,ARR,France,D,2011-08,127640.0,2011
Tarn,81,DEP,_T,ARR,France,D,2011-08,32270.0,2011
Vosges,88,DEP,_T,ARR,Étranger,D,2011-08,13330.0,2011
Corrèze,19,DEP,_T,ARR,Étranger,D,2011-08,5890.0,2011
Yonne,89,DEP,_T,ARR,Étranger,D,2011-08,15800.0,2011
Nièvre,58,DEP,_T,ARR,France,D,2011-08,25700.0,2011
Aude,11,DEP,_T,ARR,Étranger,D,2011-08,39460.0,2011
Somme,80,DEP,_T,ARR,Étranger,D,2011-08,22520.0,2011
Bas-Rhin,67,DEP,_T,ARR,France,D,2011-08,113370.0,2011
Charente-Maritime,17,DEP,_T,ARR,Étranger,D,2011-08,22020.0,2011
Cantal,15,DEP,_T,ARR,France,D,2011-08,43540.0,2011
Corse-du-Sud,2A,DEP,_T,ARR,France,D,2011-08,97060.0,2011
Marne,51,DEP,_T,ARR,Étranger,D,2011-08,54480.0,2011
Côte-d'Or,21,DEP,_T,ARR,Étranger,D,2011-08,113100.0,2011
Pyrénées-Orientales,66,DEP,_T,ARR,Étranger,D,2011-08,22030.0,2011
Moselle,57,DEP,_T,ARR,France,D,2011-08,66350.0,2011
Var,83,DEP,_T,ARR,France,D,2011-08,197350.0,2011
Guadeloupe,971,DEP,_T,ARR,France,D,2011-08,31200.0,2011
Indre-et-Loire,37,DEP,_T,ARR,France,D,2011-08,96170.0,2011
Sarthe,72,DEP,_T,ARR,Étranger,D,2011-08,13110.0,2011
Isère,38,DEP,_T,ARR,France,D,2011-08,93760.0,2011
Saône-et-Loire,71,DEP,_T,ARR,France,D,2011-08,85820.0,2011
Hauts-de-Seine,92,DEP,_T,ARR,Étranger,D,2011-08,94970.0,2011
Pas-de-Calais,62,DEP,_T,ARR,France,D,2011-08,90070.0,2011
Eure,27,DEP,_T,ARR,Étranger,D,2011-08,7630.0,2011
Haute-Garonne,31,DEP,_T,ARR,Étranger,D,2011-08,37050.0,2011
Paris,75,DEP,_T,ARR,France,D,2011-08,387220.0,2011
Dordogne,24,DEP,_T,ARR,France,D,2011-08,85280.0,2011
Somme,80,DEP,_T,ARR,France,D,2011-08,42740.0,2011
Hautes-Alpes,05,DEP,_T,ARR,France,D,2011-08,60150.0,2011
Manche,50,DEP,_T,ARR,France,D,2011-08,76490.0,2011
Haute-Saône,70,DEP,_T,ARR,France,D,2011-08,11780.0,2011
Aveyron,12,DEP,_T,ARR,Étranger,D,2011-08,7940.0,2011
Ille-et-Vilaine,35,DEP,_T,ARR,Étranger,D,2011-08,51450.0,2011
Eure-et-Loir,28,DEP,_T,ARR,Étranger,D,2011-08,15570.0,2011
Ariège,09,DEP,_T,ARR,Étranger,D,2011-08,5760.0,2011
Orne,61,DEP,_T,ARR,Étranger,D,2011-08,3850.0,2011
Orne,61,DEP,_T,ARR,France,D,2011-08,24420.0,2011
Val-de-Marne,94,DEP,_T,ARR,France,D,2011-08,97520.0,2011
Rhône,69,DEP,_T,ARR,Étranger,D,2011-08,68940.0,2011
Côtes-d'Armor,22,DEP,_T,ARR,France,D,2011-08,71700.0,2011
Aisne,02,DEP,_T,ARR,France,D,2011-08,22440.0,2011
Mayenne,53,DEP,_T,ARR,France,D,2011-08,10740.0,2011
Bas-Rhin,67,DEP,_T,ARR,Étranger,D,2011-08,92280.0,2011
Aisne,02,DEP,_T,ARR,Étranger,D,2011-08,9660.0,2011
Moselle,57,DEP,_T,ARR,Étranger,D,2011-08,22760.0,2011
Cher,18,DEP,_T,ARR,France,D,2011-08,46760.0,2011
Haute-Loire,43,DEP,_T,ARR,France,D,2011-08,32990.0,2011
Aisne,02,DEP,_T,ARR,Étranger,D,2011-07,11470.0,2011
Haute-Vienne,87,DEP,_T,ARR,Étranger,D,2011-07,11290.0,2011
Bouches-du-Rhône,13,DEP,_T,ARR,Étranger,D,2011-07,98950.0,2011
Lozère,48,DEP,_T,ARR,France,D,2011-07,34960.0,2011
Vendée,85,DEP,_T,ARR,France,D,2011-07,85100.0,2011
Gard,30,DEP,_T,ARR,Étranger,D,2011-07,36050.0,2011
Paris,75,DEP,_T,ARR,France,D,2011-07,485680.0,2011
Tarn,81,DEP,_T,ARR,Étranger,D,2011-07,4780.0,2011
Meurthe-et-Moselle,54,DEP,_T,ARR,France,D,2011-07,48090.0,2011
Pas-de-Calais,62,DEP,_T,ARR,France,D,2011-07,86110.0,2011
Vendée,85,DEP,_T,ARR,Étranger,D,2011-07,5100.0,2011
Vaucluse,84,DEP,_T,ARR,France,D,2011-07,119000.0,2011
Vienne,86,DEP,_T,ARR,Étranger,D,2011-07,23610.0,2011
Loire,42,DEP,_T,ARR,Étranger,D,2011-07,4180.0,2011
Haute-Vienne,87,DEP,_T,ARR,France,D,2011-07,47460.0,2011
Hautes-Pyrénées,65,DEP,_T,ARR,Étranger,D,2011-07,82020.0,2011
Hauts-de-Seine,92,DEP,_T,ARR,France,D,2011-07,130580.0,2011
Haute-Corse,2B,DEP,_T,ARR,Étranger,D,2011-07,32980.0,2011
Haut-Rhin,68,DEP,_T,ARR,Étranger,D,2011-07,89260.0,2011
Indre-et-Loire,37,DEP,_T,ARR,Étranger,D,2011-07,60890.0,2011
Maine-et-Loire,49,DEP,_T,ARR,France,D,2011-07,74760.0,2011
Finistère,29,DEP,_T,ARR,Étranger,D,2011-07,19420.0,2011
Eure,27,DEP,_T,ARR,France,D,2011-07,33810.0,2011
Territoire de Belfort,90,DEP,_T,ARR,France,D,2011-07,12050.0,2011
Landes,40,DEP,_T,ARR,France,D,2011-07,50300.0,2011
Alpes-Maritimes,06,DEP,_T,ARR,Étranger,D,2011-07,278590.0,2011
Ain,01,DEP,_T,ARR,France,D,2011-07,57330.0,2011
Cantal,15,DEP,_T,ARR,Étranger,D,2011-07,6050.0,2011
Pas-de-Calais,62,DEP,_T,ARR,Étranger,D,2011-07,77850.0,2011
Ariège,09,DEP,_T,ARR,France,D,2011-07,15220.0,2011
Oise,60,DEP,_T,ARR,Étranger,D,2011-07,13960.0,2011
Sarthe,72,DEP,_T,ARR,Étranger,D,2011-07,10400.0,2011
Bas-Rhin,67,DEP,_T,ARR,Étranger,D,2011-07,87380.0,2011
Indre,36,DEP,_T,ARR,France,D,2011-07,31390.0,2011
Haute-Loire,43,DEP,_T,ARR,France,D,2011-07,29960.0,2011
Cantal,15,DEP,_T,ARR,France,D,2011-07,33640.0,2011
Gard,30,DEP,_T,ARR,France,D,2011-07,89060.0,2011
Lot,46,DEP,_T,ARR,France,D,2011-07,42110.0,2011
Isère,38,DEP,_T,ARR,France,D,2011-07,124230.0,2011
Saône-et-Loire,71,DEP,_T,ARR,France,D,2011-07,88730.0,2011
Mayenne,53,DEP,_T,ARR,France,D,2011-07,14480.0,2011
La Réunion,974,DEP,_T,ARR,France,D,2011-07,26890.0,2011
Vaucluse,84,DEP,_T,ARR,Étranger,D,2011-07,69750.0,2011
Cher,18,DEP,_T,ARR,Étranger,D,2011-07,17720.0,2011
Moselle,57,DEP,_T,ARR,France,D,2011-07,75390.0,2011
Vienne,86,DEP,_T,ARR,France,D,2011-07,113730.0,2011
Oise,60,DEP,_T,ARR,France,D,2011-07,64410.0,2011
Finistère,29,DEP,_T,ARR,France,D,2011-07,93620.0,2011
Haute-Savoie,74,DEP,_T,ARR,Étranger,D,2011-07,81740.0,2011
Rhône,69,DEP,_T,ARR,Étranger,D,2011-07,70280.0,2011
Indre-et-Loire,37,DEP,_T,ARR,France,D,2011-07,95170.0,2011
Var,83,DEP,_T,ARR,France,D,2011-07,170990.0,2011
Hérault,34,DEP,_T,ARR,Étranger,D,2011-07,44910.0,2011
Martinique,972,DEP,_T,ARR,France,D,2011-07,24100.0,2011
Gironde,33,DEP,_T,ARR,France,D,2011-07,194720.0,2011
Haut-Rhin,68,DEP,_T,ARR,France,D,2011-07,95160.0,2011
Val-d'Oise,95,DEP,_T,ARR,France,D,2011-07,157670.0,2011
Haute-Loire,43,DEP,_T,ARR,Étranger,D,2011-07,4940.0,2011
Seine-et-Marne,77,DEP,_T,ARR,Étranger,D,2011-07,211050.0,2011
Isère,38,DEP,_T,ARR,Étranger,D,2011-07,35990.0,2011
Landes,40,DEP,_T,ARR,Étranger,D,2011-07,8770.0,2011
Gers,32,DEP,_T,ARR,Étranger,D,2011-07,2300.0,2011
Marne,51,DEP,_T,ARR,France,D,2011-07,61740.0,2011
Allier,03,DEP,_T,ARR,France,D,2011-07,64240.0,2011
Savoie,73,DEP,_T,ARR,Étranger,D,2011-07,32300.0,2011
Ardèche,07,DEP,_T,ARR,France,D,2011-07,45660.0,2011
Guadeloupe,971,DEP,_T,ARR,Étranger,D,2011-07,2170.0,2011
Aude,11,DEP,_T,ARR,Étranger,D,2011-07,34190.0,2011
Calvados,14,DEP,_T,ARR,France,D,2011-07,146540.0,2011
Côtes-d'Armor,22,DEP,_T,ARR,France,D,2011-07,62880.0,2011
Morbihan,56,DEP,_T,ARR,France,D,2011-07,96000.0,2011
Charente-Maritime,17,DEP,_T,ARR,France,D,2011-07,133940.0,2011
Loire-Atlantique,44,DEP,_T,ARR,Étranger,D,2011-07,15450.0,2011
Haute-Marne,52,DEP,_T,ARR,France,D,2011-07,17700.0,2011
Haute-Garonne,31,DEP,_T,ARR,France,D,2011-07,122270.0,2011
Sarthe,72,DEP,_T,ARR,France,D,2011-07,49480.0,2011
Nièvre,58,DEP,_T,ARR,Étranger,D,2011-07,7780.0,2011
Tarn-et-Garonne,82,DEP,_T,ARR,Étranger,D,2011-07,2310.0,2011
Essonne,91,DEP,_T,ARR,France,D,2011-07,91770.0,2011
La Réunion,974,DEP,_T,ARR,Étranger,D,2011-07,3810.0,2011
Seine-Maritime,76,DEP,_T,ARR,France,D,2011-07,113090.0,2011
Rhône,69,DEP,_T,ARR,France,D,2011-07,218060.0,2011
Nord,59,DEP,_T,ARR,Étranger,D,2011-07,44800.0,2011
Haute-Saône,70,DEP,_T,ARR,France,D,2011-07,12060.0,2011
Pyrénées-Atlantiques,64,DEP,_T,ARR,Étranger,D,2011-07,35160.0,2011
Eure-et-Loir,28,DEP,_T,ARR,France,D,2011-07,40800.0,2011
Manche,50,DEP,_T,ARR,France,D,2011-07,67290.0,2011
Dordogne,24,DEP,_T,ARR,Étranger,D,2011-07,22260.0,2011
Cher,18,DEP,_T,ARR,France,D,2011-07,47370.0,2011
Haute-Marne,52,DEP,_T,ARR,Étranger,D,2011-07,12510.0,2011
Dordogne,24,DEP,_T,ARR,France,D,2011-07,61550.0,2011
Val-de-Marne,94,DEP,_T,ARR,France,D,2011-07,117210.0,2011
Bouches-du-Rhône,13,DEP,_T,ARR,France,D,2011-07,269230.0,2011
Loire-Atlantique,44,DEP,_T,ARR,France,D,2011-07,156310.0,2011
Jura,39,DEP,_T,ARR,France,D,2011-07,34050.0,2011
Corrèze,19,DEP,_T,ARR,France,D,2011-07,47720.0,2011
Ardennes,08,DEP,_T,ARR,Étranger,D,2011-07,6400.0,2011
Somme,80,DEP,_T,ARR,Étranger,D,2011-07,22710.0,2011
Territoire de Belfort,90,DEP,_T,ARR,Étranger,D,2011-07,2880.0,2011
Orne,61,DEP,_T,ARR,Étranger,D,2011-07,3910.0,2011
Pyrénées-Orientales,66,DEP,_T,ARR,Étranger,D,2011-07,20310.0,2011
Loir-et-Cher,41,DEP,_T,ARR,France,D,2011-07,59920.0,2011
Manche,50,DEP,_T,ARR,Étranger,D,2011-07,30160.0,2011
Val-d'Oise,95,DEP,_T,ARR,Étranger,D,2011-07,87390.0,2011
Somme,80,DEP,_T,ARR,France,D,2011-07,42480.0,2011
Deux-Sèvres,79,DEP,_T,ARR,Étranger,D,2011-07,3580.0,2011
Deux-Sèvres,79,DEP,_T,ARR,France,D,2011-07,27440.0,2011
Seine-Maritime,76,DEP,_T,ARR,Étranger,D,2011-07,44580.0,2011
Morbihan,56,DEP,_T,ARR,Étranger,D,2011-07,16400.0,2011
Meuse,55,DEP,_T,ARR,France,D,2011-07,14450.0,2011
Côte-d'Or,21,DEP,_T,ARR,Étranger,D,2011-07,125160.0,2011
Ille-et-Vilaine,35,DEP,_T,ARR,Étranger,D,2011-07,41740.0,2011
Martinique,972,DEP,_T,ARR,Étranger,D,2011-07,2070.0,2011
Orne,61,DEP,_T,ARR,France,D,2011-07,26320.0,2011
Meuse,55,DEP,_T,ARR,Étranger,D,2011-07,4260.0,2011
Aube,10,DEP,_T,ARR,Étranger,D,2011-07,17700.0,2011
Haute-Garonne,31,DEP,_T,ARR,Étranger,D,2011-07,41440.0,2011
Aude,11,DEP,_T,ARR,France,D,2011-07,83330.0,2011
Bas-Rhin,67,DEP,_T,ARR,France,D,2011-07,113800.0,2011
Haute-Saône,70,DEP,_T,ARR,Étranger,D,2011-07,1470.0,2011
Haute-Savoie,74,DEP,_T,ARR,France,D,2011-07,170580.0,2011
Nièvre,58,DEP,_T,ARR,France,D,2011-07,27340.0,2011
Seine-Saint-Denis,93,DEP,_T,ARR,France,D,2011-07,163450.0,2011
Maine-et-Loire,49,DEP,_T,ARR,Étranger,D,2011-07,15630.0,2011
Moselle,57,DEP,_T,ARR,Étranger,D,2011-07,26250.0,2011
Calvados,14,DEP,_T,ARR,Étranger,D,2011-07,72610.0,2011
Ardennes,08,DEP,_T,ARR,France,D,2011-07,12100.0,2011
Haute-Corse,2B,DEP,_T,ARR,France,D,2011-07,57620.0,2011
Tarn,81,DEP,_T,ARR,France,D,2011-07,33130.0,2011
Indre,36,DEP,_T,ARR,Étranger,D,2011-07,9330.0,2011
Puy-de-Dôme,63,DEP,_T,ARR,Étranger,D,2011-07,23080.0,2011
Yvelines,78,DEP,_T,ARR,Étranger,D,2011-07,35880.0,2011
Loire,42,DEP,_T,ARR,France,D,2011-07,55080.0,2011
Ille-et-Vilaine,35,DEP,_T,ARR,France,D,2011-07,129390.0,2011
Doubs,25,DEP,_T,ARR,Étranger,D,2011-07,19440.0,2011
Mayenne,53,DEP,_T,ARR,Étranger,D,2011-07,1120.0,2011
Seine-Saint-Denis,93,DEP,_T,ARR,Étranger,D,2011-07,85360.0,2011
Essonne,91,DEP,_T,ARR,Étranger,D,2011-07,27950.0,2011
Guyane,973,DEP,_T,ARR,France,D,2011-07,9780.0,2011
Vosges,88,DEP,_T,ARR,Étranger,D,2011-07,13600.0,2011
Jura,39,DEP,_T,ARR,Étranger,D,2011-07,10570.0,2011
Aube,10,DEP,_T,ARR,France,D,2011-07,40210.0,2011
Creuse,23,DEP,_T,ARR,Étranger,D,2011-07,1050.0,2011
Hautes-Alpes,05,DEP,_T,ARR,France,D,2011-07,52810.0,2011
Corrèze,19,DEP,_T,ARR,Étranger,D,2011-07,6920.0,2011
Charente-Maritime,17,DEP,_T,ARR,Étranger,D,2011-07,21560.0,2011
Nord,59,DEP,_T,ARR,France,D,2011-07,139690.0,2011
Hérault,34,DEP,_T,ARR,France,D,2011-07,196750.0,2011
Aveyron,12,DEP,_T,ARR,France,D,2011-07,75200.0,2011
Guyane,973,DEP,_T,ARR,Étranger,D,2011-07,1140.0,2011
Tarn-et-Garonne,82,DEP,_T,ARR,France,D,2011-07,24670.0,2011
Guadeloupe,971,DEP,_T,ARR,France,D,2011-07,28060.0,2011
Hautes-Alpes,05,DEP,_T,ARR,Étranger,D,2011-07,16320.0,2011
Gers,32,DEP,_T,ARR,France,D,2011-07,15120.0,2011
Lozère,48,DEP,_T,ARR,Étranger,D,2011-07,7610.0,2011
Charente,16,DEP,_T,ARR,France,D,2011-07,26240.0,2011
Pyrénées-Orientales,66,DEP,_T,ARR,France,D,2011-07,99500.0,2011
Allier,03,DEP,_T,ARR,Étranger,D,2011-07,9470.0,2011
Lot,46,DEP,_T,ARR,Étranger,D,2011-07,12480.0,2011
Gironde,33,DEP,_T,ARR,Étranger,D,2011-07,63290.0,2011
Hauts-de-Seine,92,DEP,_T,ARR,Étranger,D,2011-07,104060.0,2011
Lot-et-Garonne,47,DEP,_T,ARR,Étranger,D,2011-07,2370.0,2011
Hautes-Pyrénées,65,DEP,_T,ARR,France,D,2011-07,83270.0,2011
Alpes-de-Haute-Provence,04,DEP,_T,ARR,Étranger,D,2011-07,18390.0,2011
Creuse,23,DEP,_T,ARR,France,D,2011-07,13010.0,2011
Val-de-Marne,94,DEP,_T,ARR,Étranger,D,2011-07,54380.0,2011
Yonne,89,DEP,_T,ARR,Étranger,D,2011-07,16610.0,2011
Meurthe-et-Moselle,54,DEP,_T,ARR,Étranger,D,2011-07,18490.0,2011
Var,83,DEP,_T,ARR,Étranger,D,2011-07,76920.0,2011
Loiret,45,DEP,_T,ARR,France,D,2011-07,78400.0,2011
Lot-et-Garonne,47,DEP,_T,ARR,France,D,2011-07,29070.0,2011
Aisne,02,DEP,_T,ARR,France,D,2011-07,24580.0,2011
Puy-de-Dôme,63,DEP,_T,ARR,France,D,2011-07,133090.0,2011
Drôme,26,DEP,_T,ARR,France,D,2011-07,85920.0,2011
Corse-du-Sud,2A,DEP,_T,ARR,Étranger,D,2011-07,25980.0,2011
Alpes-de-Haute-Provence,04,DEP,_T,ARR,France,D,2011-07,34330.0,2011
Charente,16,DEP,_T,ARR,Étranger,D,2011-07,5810.0,2011
Loiret,45,DEP,_T,ARR,Étranger,D,2011-07,48320.0,2011
Eure-et-Loir,28,DEP,_T,ARR,Étranger,D,2011-07,13110.0,2011
Corse-du-Sud,2A,DEP,_T,ARR,France,D,2011-07,79550.0,2011
Savoie,73,DEP,_T,ARR,France,D,2011-07,90160.0,2011
Pyrénées-Atlantiques,64,DEP,_T,ARR,France,D,2011-07,147630.0,2011
Doubs,25,DEP,_T,ARR,France,D,2011-07,54030.0,2011
Alpes-Maritimes,06,DEP,_T,ARR,France,D,2011-07,216330.0,2011
Ariège,09,DEP,_T,ARR,Étranger,D,2011-07,7060.0,2011
Côtes-d'Armor,22,DEP,_T,ARR,Étranger,D,2011-07,12860.0,2011
Aveyron,12,DEP,_T,ARR,Étranger,D,2011-07,7980.0,2011
Côte-d'Or,21,DEP,_T,ARR,France,D,2011-07,111180.0,2011
Vosges,88,DEP,_T,ARR,France,D,2011-07,41510.0,2011
Loir-et-Cher,41,DEP,_T,ARR,Étranger,D,2011-07,26640.0,2011
Eure,27,DEP,_T,ARR,Étranger,D,2011-07,8400.0,2011
Paris,75,DEP,_T,ARR,Étranger,D,2011-07,886620.0,2011
Yvelines,78,DEP,_T,ARR,France,D,2011-07,97990.0,2011
Marne,51,DEP,_T,ARR,Étranger,D,2011-07,50410.0,2011
Drôme,26,DEP,_T,ARR,Étranger,D,2011-07,32410.0,2011
Ardèche,07,DEP,_T,ARR,Étranger,D,2011-07,11310.0,2011
Saône-et-Loire,71,DEP,_T,ARR,Étranger,D,2011-07,60290.0,2011
Seine-et-Marne,77,DEP,_T,ARR,France,D,2011-07,208170.0,2011
Ain,01,DEP,_T,ARR,Étranger,D,2011-07,24420.0,2011
Yonne,89,DEP,_T,ARR,France,D,2011-07,44810.0,2011
Martinique,972,DEP,_T,ARR,Étranger,D,2011-06,920.0,2011
Puy-de-Dôme,63,DEP,_T,ARR,France,D,2011-06,102770.0,2011
Côte-d'Or,21,DEP,_T,ARR,France,D,2011-06,112170.0,2011
Tarn,81,DEP,_T,ARR,Étranger,D,2011-06,3820.0,2011
Lozère,48,DEP,_T,ARR,France,D,2011-06,30080.0,2011
Savoie,73,DEP,_T,ARR,Étranger,D,2011-06,22300.0,2011
Haute-Loire,43,DEP,_T,ARR,Étranger,D,2011-06,4510.0,2011
Deux-Sèvres,79,DEP,_T,ARR,France,D,2011-06,25710.0,2011
Territoire de Belfort,90,DEP,_T,ARR,France,D,2011-06,12930.0,2011
Hauts-de-Seine,92,DEP,_T,ARR,Étranger,D,2011-06,88130.0,2011
Aisne,02,DEP,_T,ARR,France,D,2011-06,29260.0,2011
Indre,36,DEP,_T,ARR,France,D,2011-06,27450.0,2011
Aveyron,12,DEP,_T,ARR,France,D,2011-06,59000.0,2011
Alpes-de-Haute-Provence,04,DEP,_T,ARR,France,D,2011-06,27820.0,2011
Cher,18,DEP,_T,ARR,Étranger,D,2011-06,8250.0,2011
Meuse,55,DEP,_T,ARR,Étranger,D,2011-06,3300.0,2011
Drôme,26,DEP,_T,ARR,Étranger,D,2011-06,19780.0,2011
Haute-Corse,2B,DEP,_T,ARR,France,D,2011-06,65740.0,2011
Haute-Savoie,74,DEP,_T,ARR,France,D,2011-06,133320.0,2011
Moselle,57,DEP,_T,ARR,Étranger,D,2011-06,18580.0,2011
Vosges,88,DEP,_T,ARR,Étranger,D,2011-06,11210.0,2011
Pas-de-Calais,62,DEP,_T,ARR,Étranger,D,2011-06,57750.0,2011
Indre,36,DEP,_T,ARR,Étranger,D,2011-06,4670.0,2011
Aude,11,DEP,_T,ARR,Étranger,D,2011-06,24090.0,2011
Vosges,88,DEP,_T,ARR,France,D,2011-06,41970.0,2011
Var,83,DEP,_T,ARR,Étranger,D,2011-06,58250.0,2011
Loire-Atlantique,44,DEP,_T,ARR,Étranger,D,2011-06,14010.0,2011
Morbihan,56,DEP,_T,ARR,France,D,2011-06,99990.0,2011
Loiret,45,DEP,_T,ARR,Étranger,D,2011-06,21640.0,2011
Maine-et-Loire,49,DEP,_T,ARR,Étranger,D,2011-06,12710.0,2011
Nièvre,58,DEP,_T,ARR,France,D,2011-06,27670.0,2011
Jura,39,DEP,_T,ARR,Étranger,D,2011-06,8140.0,2011
Haut-Rhin,68,DEP,_T,ARR,Étranger,D,2011-06,67460.0,2011
Sarthe,72,DEP,_T,ARR,France,D,2011-06,51040.0,2011
Loire,42,DEP,_T,ARR,France,D,2011-06,54250.0,2011
Creuse,23,DEP,_T,ARR,Étranger,D,2011-06,420.0,2011
Essonne,91,DEP,_T,ARR,Étranger,D,2011-06,25680.0,2011
Seine-et-Marne,77,DEP,_T,ARR,France,D,2011-06,212970.0,2011
Côtes-d'Armor,22,DEP,_T,ARR,France,D,2011-06,63780.0,2011
Yvelines,78,DEP,_T,ARR,France,D,2011-06,116720.0,2011
Marne,51,DEP,_T,ARR,Étranger,D,2011-06,44380.0,2011
Indre-et-Loire,37,DEP,_T,ARR,Étranger,D,2011-06,38570.0,2011
Loir-et-Cher,41,DEP,_T,ARR,France,D,2011-06,59450.0,2011
Yvelines,78,DEP,_T,ARR,Étranger,D,2011-06,33490.0,2011
Puy-de-Dôme,63,DEP,_T,ARR,Étranger,D,2011-06,10990.0,2011
Vaucluse,84,DEP,_T,ARR,France,D,2011-06,94390.0,2011
Maine-et-Loire,49,DEP,_T,ARR,France,D,2011-06,77770.0,2011
Oise,60,DEP,_T,ARR,France,D,2011-06,78230.0,2011
Ardennes,08,DEP,_T,ARR,France,D,2011-06,14060.0,2011
Drôme,26,DEP,_T,ARR,France,D,2011-06,76550.0,2011
Pyrénées-Atlantiques,64,DEP,_T,ARR,France,D,2011-06,127800.0,2011
Vendée,85,DEP,_T,ARR,Étranger,D,2011-06,3510.0,2011
Alpes-Maritimes,06,DEP,_T,ARR,Étranger,D,2011-06,224610.0,2011
Hérault,34,DEP,_T,ARR,France,D,2011-06,156230.0,2011
Dordogne,24,DEP,_T,ARR,France,D,2011-06,55530.0,2011
Lot,46,DEP,_T,ARR,Étranger,D,2011-06,8370.0,2011
Haute-Vienne,87,DEP,_T,ARR,Étranger,D,2011-06,6830.0,2011
Lot-et-Garonne,47,DEP,_T,ARR,Étranger,D,2011-06,1940.0,2011
Haut-Rhin,68,DEP,_T,ARR,France,D,2011-06,98440.0,2011
Dordogne,24,DEP,_T,ARR,Étranger,D,2011-06,18850.0,2011
Haute-Garonne,31,DEP,_T,ARR,France,D,2011-06,119240.0,2011
Doubs,25,DEP,_T,ARR,Étranger,D,2011-06,10690.0,2011
Creuse,23,DEP,_T,ARR,France,D,2011-06,9700.0,2011
Val-de-Marne,94,DEP,_T,ARR,France,D,2011-06,131530.0,2011
Var,83,DEP,_T,ARR,France,D,2011-06,156430.0,2011
Gard,30,DEP,_T,ARR,France,D,2011-06,78610.0,2011
Hautes-Pyrénées,65,DEP,_T,ARR,France,D,2011-06,69730.0,2011
Oise,60,DEP,_T,ARR,Étranger,D,2011-06,12000.0,2011
Haute-Saône,70,DEP,_T,ARR,Étranger,D,2011-06,1290.0,2011
Hautes-Alpes,05,DEP,_T,ARR,France,D,2011-06,34840.0,2011
Haute-Loire,43,DEP,_T,ARR,France,D,2011-06,22630.0,2011
Ardèche,07,DEP,_T,ARR,Étranger,D,2011-06,4900.0,2011
Pas-de-Calais,62,DEP,_T,ARR,France,D,2011-06,96370.0,2011
Hauts-de-Seine,92,DEP,_T,ARR,France,D,2011-06,164470.0,2011
Aube,10,DEP,_T,ARR,France,D,2011-06,43500.0,2011
Saône-et-Loire,71,DEP,_T,ARR,France,D,2011-06,78540.0,2011
Moselle,57,DEP,_T,ARR,France,D,2011-06,70900.0,2011
Orne,61,DEP,_T,ARR,France,D,2011-06,28030.0,2011
Pyrénées-Orientales,66,DEP,_T,ARR,Étranger,D,2011-06,12960.0,2011
Lot-et-Garonne,47,DEP,_T,ARR,France,D,2011-06,25040.0,2011
Ardèche,07,DEP,_T,ARR,France,D,2011-06,36310.0,2011
Alpes-de-Haute-Provence,04,DEP,_T,ARR,Étranger,D,2011-06,14460.0,2011
Nord,59,DEP,_T,ARR,France,D,2011-06,185350.0,2011
Charente-Maritime,17,DEP,_T,ARR,Étranger,D,2011-06,12010.0,2011
Haute-Garonne,31,DEP,_T,ARR,Étranger,D,2011-06,33560.0,2011
Charente-Maritime,17,DEP,_T,ARR,France,D,2011-06,124570.0,2011
Saône-et-Loire,71,DEP,_T,ARR,Étranger,D,2011-06,37570.0,2011
La Réunion,974,DEP,_T,ARR,Étranger,D,2011-06,2450.0,2011
Eure-et-Loir,28,DEP,_T,ARR,France,D,2011-06,41750.0,2011
Doubs,25,DEP,_T,ARR,France,D,2011-06,63120.0,2011
Haute-Saône,70,DEP,_T,ARR,France,D,2011-06,10670.0,2011
Corse-du-Sud,2A,DEP,_T,ARR,France,D,2011-06,99620.0,2011
Mayenne,53,DEP,_T,ARR,France,D,2011-06,17360.0,2011
Lot,46,DEP,_T,ARR,France,D,2011-06,36490.0,2011
Somme,80,DEP,_T,ARR,Étranger,D,2011-06,14200.0,2011
Orne,61,DEP,_T,ARR,Étranger,D,2011-06,3030.0,2011
Vienne,86,DEP,_T,ARR,Étranger,D,2011-06,12810.0,2011
Loiret,45,DEP,_T,ARR,France,D,2011-06,90760.0,2011
Vaucluse,84,DEP,_T,ARR,Étranger,D,2011-06,61840.0,2011
La Réunion,974,DEP,_T,ARR,France,D,2011-06,22740.0,2011
Corrèze,19,DEP,_T,ARR,France,D,2011-06,40240.0,2011
Guadeloupe,971,DEP,_T,ARR,Étranger,D,2011-06,1850.0,2011
Nièvre,58,DEP,_T,ARR,Étranger,D,2011-06,5780.0,2011
Aude,11,DEP,_T,ARR,France,D,2011-06,60920.0,2011
Seine-Maritime,76,DEP,_T,ARR,France,D,2011-06,123750.0,2011
Isère,38,DEP,_T,ARR,Étranger,D,2011-06,23940.0,2011
Essonne,91,DEP,_T,ARR,France,D,2011-06,103620.0,2011
Bouches-du-Rhône,13,DEP,_T,ARR,France,D,2011-06,232880.0,2011
Ille-et-Vilaine,35,DEP,_T,ARR,France,D,2011-06,148450.0,2011
Rhône,69,DEP,_T,ARR,France,D,2011-06,227610.0,2011
Ardennes,08,DEP,_T,ARR,Étranger,D,2011-06,4030.0,2011
Bas-Rhin,67,DEP,_T,ARR,France,D,2011-06,128290.0,2011
Haute-Savoie,74,DEP,_T,ARR,Étranger,D,2011-06,58800.0,2011
Tarn-et-Garonne,82,DEP,_T,ARR,Étranger,D,2011-06,1500.0,2011
Bouches-du-Rhône,13,DEP,_T,ARR,Étranger,D,2011-06,75270.0,2011
Loire-Atlantique,44,DEP,_T,ARR,France,D,2011-06,179370.0,2011
Guyane,973,DEP,_T,ARR,Étranger,D,2011-06,1070.0,2011
Gironde,33,DEP,_T,ARR,Étranger,D,2011-06,47850.0,2011
Gers,32,DEP,_T,ARR,Étranger,D,2011-06,1110.0,2011
Tarn,81,DEP,_T,ARR,France,D,2011-06,29480.0,2011
Morbihan,56,DEP,_T,ARR,Étranger,D,2011-06,10880.0,2011
Gard,30,DEP,_T,ARR,Étranger,D,2011-06,19820.0,2011
Lozère,48,DEP,_T,ARR,Étranger,D,2011-06,4630.0,2011
Nord,59,DEP,_T,ARR,Étranger,D,2011-06,31390.0,2011
Cher,18,DEP,_T,ARR,France,D,2011-06,42150.0,2011
Seine-Saint-Denis,93,DEP,_T,ARR,Étranger,D,2011-06,68390.0,2011
Aube,10,DEP,_T,ARR,Étranger,D,2011-06,10870.0,2011
Yonne,89,DEP,_T,ARR,France,D,2011-06,45850.0,2011
Loir-et-Cher,41,DEP,_T,ARR,Étranger,D,2011-06,15210.0,2011
Eure,27,DEP,_T,ARR,Étranger,D,2011-06,7940.0,2011
Vendée,85,DEP,_T,ARR,France,D,2011-06,79620.0,2011
Vienne,86,DEP,_T,ARR,France,D,2011-06,97950.0,2011
Meuse,55,DEP,_T,ARR,France,D,2011-06,14720.0,2011
Ain,01,DEP,_T,ARR,France,D,2011-06,53840.0,2011
Indre-et-Loire,37,DEP,_T,ARR,France,D,2011-06,96260.0,2011
Ariège,09,DEP,_T,ARR,Étranger,D,2011-06,3670.0,2011
Cantal,15,DEP,_T,ARR,France,D,2011-06,28780.0,2011
Pyrénées-Orientales,66,DEP,_T,ARR,France,D,2011-06,67910.0,2011
Paris,75,DEP,_T,ARR,France,D,2011-06,604010.0,2011
Manche,50,DEP,_T,ARR,Étranger,D,2011-06,23000.0,2011
Meurthe-et-Moselle,54,DEP,_T,ARR,France,D,2011-06,52470.0,2011
Finistère,29,DEP,_T,ARR,France,D,2011-06,97990.0,2011
Paris,75,DEP,_T,ARR,Étranger,D,2011-06,798990.0,2011
Aisne,02,DEP,_T,ARR,Étranger,D,2011-06,9620.0,2011
Hautes-Pyrénées,65,DEP,_T,ARR,Étranger,D,2011-06,84140.0,2011
Ain,01,DEP,_T,ARR,Étranger,D,2011-06,19040.0,2011
Martinique,972,DEP,_T,ARR,France,D,2011-06,18840.0,2011
Corrèze,19,DEP,_T,ARR,Étranger,D,2011-06,3440.0,2011
Rhône,69,DEP,_T,ARR,Étranger,D,2011-06,48590.0,2011
Val-d'Oise,95,DEP,_T,ARR,Étranger,D,2011-06,80160.0,2011
Charente,16,DEP,_T,ARR,Étranger,D,2011-06,3820.0,2011
Ariège,09,DEP,_T,ARR,France,D,2011-06,12210.0,2011
Val-de-Marne,94,DEP,_T,ARR,Étranger,D,2011-06,45100.0,2011
Isère,38,DEP,_T,ARR,France,D,2011-06,108460.0,2011
Marne,51,DEP,_T,ARR,France,D,2011-06,74990.0,2011
Jura,39,DEP,_T,ARR,France,D,2011-06,32080.0,2011
Haute-Marne,52,DEP,_T,ARR,France,D,2011-06,18300.0,2011
Ille-et-Vilaine,35,DEP,_T,ARR,Étranger,D,2011-06,30880.0,2011
Meurthe-et-Moselle,54,DEP,_T,ARR,Étranger,D,2011-06,12380.0,2011
Landes,40,DEP,_T,ARR,France,D,2011-06,41190.0,2011
Aveyron,12,DEP,_T,ARR,Étranger,D,2011-06,9070.0,2011
Sarthe,72,DEP,_T,ARR,Étranger,D,2011-06,10170.0,2011
Haute-Marne,52,DEP,_T,ARR,Étranger,D,2011-06,11150.0,2011
Manche,50,DEP,_T,ARR,France,D,2011-06,67160.0,2011
Somme,80,DEP,_T,ARR,France,D,2011-06,51620.0,2011
Côte-d'Or,21,DEP,_T,ARR,Étranger,D,2011-06,77830.0,2011
Seine-et-Marne,77,DEP,_T,ARR,Étranger,D,2011-06,196170.0,2011
Côtes-d'Armor,22,DEP,_T,ARR,Étranger,D,2011-06,11060.0,2011
Deux-Sèvres,79,DEP,_T,ARR,Étranger,D,2011-06,1560.0,2011
Calvados,14,DEP,_T,ARR,France,D,2011-06,146320.0,2011
Finistère,29,DEP,_T,ARR,Étranger,D,2011-06,13450.0,2011
Savoie,73,DEP,_T,ARR,France,D,2011-06,69960.0,2011
Haute-Corse,2B,DEP,_T,ARR,Étranger,D,2011-06,28460.0,2011
Charente,16,DEP,_T,ARR,France,D,2011-06,23840.0,2011
Corse-du-Sud,2A,DEP,_T,ARR,Étranger,D,2011-06,24520.0,2011
Loire,42,DEP,_T,ARR,Étranger,D,2011-06,3170.0,2011
Mayenne,53,DEP,_T,ARR,Étranger,D,2011-06,1380.0,2011
Cantal,15,DEP,_T,ARR,Étranger,D,2011-06,3000.0,2011
Calvados,14,DEP,_T,ARR,Étranger,D,2011-06,58180.0,2011
Allier,03,DEP,_T,ARR,France,D,2011-06,50610.0,2011
Yonne,89,DEP,_T,ARR,Étranger,D,2011-06,12090.0,2011
Seine-Saint-Denis,93,DEP,_T,ARR,France,D,2011-06,177420.0,2011
Bas-Rhin,67,DEP,_T,ARR,Étranger,D,2011-06,73220.0,2011
Val-d'Oise,95,DEP,_T,ARR,France,D,2011-06,156220.0,2011
Territoire de Belfort,90,DEP,_T,ARR,Étranger,D,2011-06,2700.0,2011
Guadeloupe,971,DEP,_T,ARR,France,D,2011-06,22340.0,2011
Alpes-Maritimes,06,DEP,_T,ARR,France,D,2011-06,209550.0,2011
Tarn-et-Garonne,82,DEP,_T,ARR,France,D,2011-06,23060.0,2011
Gers,32,DEP,_T,ARR,France,D,2011-06,14930.0,2011
Eure-et-Loir,28,DEP,_T,ARR,Étranger,D,2011-06,11750.0,2011
Guyane,973,DEP,_T,ARR,France,D,2011-06,8140.0,2011
Landes,40,DEP,_T,ARR,Étranger,D,2011-06,5640.0,2011
Allier,03,DEP,_T,ARR,Étranger,D,2011-06,4340.0,2011
Hérault,34,DEP,_T,ARR,Étranger,D,2011-06,30170.0,2011
Haute-Vienne,87,DEP,_T,ARR,France,D,2011-06,43890.0,2011
Hautes-Alpes,05,DEP,_T,ARR,Étranger,D,2011-06,9030.0,2011
Gironde,33,DEP,_T,ARR,France,D,2011-06,201860.0,2011
Pyrénées-Atlantiques,64,DEP,_T,ARR,Étranger,D,2011-06,22470.0,2011
Eure,27,DEP,_T,ARR,France,D,2011-06,39290.0,2011
Seine-Maritime,76,DEP,_T,ARR,Étranger,D,2011-06,31430.0,2011
